/Users/anvaysrivastava/Developer/udacity/sdc/CarND-Behavioral-Cloning-P3/dirt_curve2/IMG/center_2017_06_23_11_10_33_277.jpg,/Users/anvaysrivastava/Developer/udacity/sdc/CarND-Behavioral-Cloning-P3/dirt_curve2/IMG/left_2017_06_23_11_10_33_277.jpg,/Users/anvaysrivastava/Developer/udacity/sdc/CarND-Behavioral-Cloning-P3/dirt_curve2/IMG/right_2017_06_23_11_10_33_277.jpg,0,0,0,0.1471371
/Users/anvaysrivastava/Developer/udacity/sdc/CarND-Behavioral-Cloning-P3/dirt_curve2/IMG/center_2017_06_23_11_10_33_345.jpg,/Users/anvaysrivastava/Developer/udacity/sdc/CarND-Behavioral-Cloning-P3/dirt_curve2/IMG/left_2017_06_23_11_10_33_345.jpg,/Users/anvaysrivastava/Developer/udacity/sdc/CarND-Behavioral-Cloning-P3/dirt_curve2/IMG/right_2017_06_23_11_10_33_345.jpg,0,0,0,0.1440867
/Users/anvaysrivastava/Developer/udacity/sdc/CarND-Behavioral-Cloning-P3/dirt_curve2/IMG/center_2017_06_23_11_10_33_420.jpg,/Users/anvaysrivastava/Developer/udacity/sdc/CarND-Behavioral-Cloning-P3/dirt_curve2/IMG/left_2017_06_23_11_10_33_420.jpg,/Users/anvaysrivastava/Developer/udacity/sdc/CarND-Behavioral-Cloning-P3/dirt_curve2/IMG/right_2017_06_23_11_10_33_420.jpg,0,0,0,0.1418151
/Users/anvaysrivastava/Developer/udacity/sdc/CarND-Behavioral-Cloning-P3/dirt_curve2/IMG/center_2017_06_23_11_10_33_493.jpg,/Users/anvaysrivastava/Developer/udacity/sdc/CarND-Behavioral-Cloning-P3/dirt_curve2/IMG/left_2017_06_23_11_10_33_493.jpg,/Users/anvaysrivastava/Developer/udacity/sdc/CarND-Behavioral-Cloning-P3/dirt_curve2/IMG/right_2017_06_23_11_10_33_493.jpg,0,0,0,0.0002082197
/Users/anvaysrivastava/Developer/udacity/sdc/CarND-Behavioral-Cloning-P3/dirt_curve2/IMG/center_2017_06_23_11_10_33_587.jpg,/Users/anvaysrivastava/Developer/udacity/sdc/CarND-Behavioral-Cloning-P3/dirt_curve2/IMG/left_2017_06_23_11_10_33_587.jpg,/Users/anvaysrivastava/Developer/udacity/sdc/CarND-Behavioral-Cloning-P3/dirt_curve2/IMG/right_2017_06_23_11_10_33_587.jpg,0,0.1106281,0,0.1023324
/Users/anvaysrivastava/Developer/udacity/sdc/CarND-Behavioral-Cloning-P3/dirt_curve2/IMG/center_2017_06_23_11_10_33_662.jpg,/Users/anvaysrivastava/Developer/udacity/sdc/CarND-Behavioral-Cloning-P3/dirt_curve2/IMG/left_2017_06_23_11_10_33_662.jpg,/Users/anvaysrivastava/Developer/udacity/sdc/CarND-Behavioral-Cloning-P3/dirt_curve2/IMG/right_2017_06_23_11_10_33_662.jpg,0,0.3320341,0,0.2670706
/Users/anvaysrivastava/Developer/udacity/sdc/CarND-Behavioral-Cloning-P3/dirt_curve2/IMG/center_2017_06_23_11_10_33_740.jpg,/Users/anvaysrivastava/Developer/udacity/sdc/CarND-Behavioral-Cloning-P3/dirt_curve2/IMG/left_2017_06_23_11_10_33_740.jpg,/Users/anvaysrivastava/Developer/udacity/sdc/CarND-Behavioral-Cloning-P3/dirt_curve2/IMG/right_2017_06_23_11_10_33_740.jpg,0,0.5659681,0,0.7152707
/Users/anvaysrivastava/Developer/udacity/sdc/CarND-Behavioral-Cloning-P3/dirt_curve2/IMG/center_2017_06_23_11_10_33_815.jpg,/Users/anvaysrivastava/Developer/udacity/sdc/CarND-Behavioral-Cloning-P3/dirt_curve2/IMG/left_2017_06_23_11_10_33_815.jpg,/Users/anvaysrivastava/Developer/udacity/sdc/CarND-Behavioral-Cloning-P3/dirt_curve2/IMG/right_2017_06_23_11_10_33_815.jpg,0,0.7991551,0,1.423653
/Users/anvaysrivastava/Developer/udacity/sdc/CarND-Behavioral-Cloning-P3/dirt_curve2/IMG/center_2017_06_23_11_10_33_885.jpg,/Users/anvaysrivastava/Developer/udacity/sdc/CarND-Behavioral-Cloning-P3/dirt_curve2/IMG/left_2017_06_23_11_10_33_885.jpg,/Users/anvaysrivastava/Developer/udacity/sdc/CarND-Behavioral-Cloning-P3/dirt_curve2/IMG/right_2017_06_23_11_10_33_885.jpg,0,1,0,2.294138
/Users/anvaysrivastava/Developer/udacity/sdc/CarND-Behavioral-Cloning-P3/dirt_curve2/IMG/center_2017_06_23_11_10_33_934.jpg,/Users/anvaysrivastava/Developer/udacity/sdc/CarND-Behavioral-Cloning-P3/dirt_curve2/IMG/left_2017_06_23_11_10_33_934.jpg,/Users/anvaysrivastava/Developer/udacity/sdc/CarND-Behavioral-Cloning-P3/dirt_curve2/IMG/right_2017_06_23_11_10_33_934.jpg,0,1,0,2.994792
/Users/anvaysrivastava/Developer/udacity/sdc/CarND-Behavioral-Cloning-P3/dirt_curve2/IMG/center_2017_06_23_11_10_34_004.jpg,/Users/anvaysrivastava/Developer/udacity/sdc/CarND-Behavioral-Cloning-P3/dirt_curve2/IMG/left_2017_06_23_11_10_34_004.jpg,/Users/anvaysrivastava/Developer/udacity/sdc/CarND-Behavioral-Cloning-P3/dirt_curve2/IMG/right_2017_06_23_11_10_34_004.jpg,0,1,0,3.696821
/Users/anvaysrivastava/Developer/udacity/sdc/CarND-Behavioral-Cloning-P3/dirt_curve2/IMG/center_2017_06_23_11_10_34_074.jpg,/Users/anvaysrivastava/Developer/udacity/sdc/CarND-Behavioral-Cloning-P3/dirt_curve2/IMG/left_2017_06_23_11_10_34_074.jpg,/Users/anvaysrivastava/Developer/udacity/sdc/CarND-Behavioral-Cloning-P3/dirt_curve2/IMG/right_2017_06_23_11_10_34_074.jpg,0,1,0,4.632397
/Users/anvaysrivastava/Developer/udacity/sdc/CarND-Behavioral-Cloning-P3/dirt_curve2/IMG/center_2017_06_23_11_10_34_144.jpg,/Users/anvaysrivastava/Developer/udacity/sdc/CarND-Behavioral-Cloning-P3/dirt_curve2/IMG/left_2017_06_23_11_10_34_144.jpg,/Users/anvaysrivastava/Developer/udacity/sdc/CarND-Behavioral-Cloning-P3/dirt_curve2/IMG/right_2017_06_23_11_10_34_144.jpg,0,1,0,5.328059
/Users/anvaysrivastava/Developer/udacity/sdc/CarND-Behavioral-Cloning-P3/dirt_curve2/IMG/center_2017_06_23_11_10_34_212.jpg,/Users/anvaysrivastava/Developer/udacity/sdc/CarND-Behavioral-Cloning-P3/dirt_curve2/IMG/left_2017_06_23_11_10_34_212.jpg,/Users/anvaysrivastava/Developer/udacity/sdc/CarND-Behavioral-Cloning-P3/dirt_curve2/IMG/right_2017_06_23_11_10_34_212.jpg,0,1,0,6.249407
/Users/anvaysrivastava/Developer/udacity/sdc/CarND-Behavioral-Cloning-P3/dirt_curve2/IMG/center_2017_06_23_11_10_34_279.jpg,/Users/anvaysrivastava/Developer/udacity/sdc/CarND-Behavioral-Cloning-P3/dirt_curve2/IMG/left_2017_06_23_11_10_34_279.jpg,/Users/anvaysrivastava/Developer/udacity/sdc/CarND-Behavioral-Cloning-P3/dirt_curve2/IMG/right_2017_06_23_11_10_34_279.jpg,0,1,0,6.935712
/Users/anvaysrivastava/Developer/udacity/sdc/CarND-Behavioral-Cloning-P3/dirt_curve2/IMG/center_2017_06_23_11_10_34_347.jpg,/Users/anvaysrivastava/Developer/udacity/sdc/CarND-Behavioral-Cloning-P3/dirt_curve2/IMG/left_2017_06_23_11_10_34_347.jpg,/Users/anvaysrivastava/Developer/udacity/sdc/CarND-Behavioral-Cloning-P3/dirt_curve2/IMG/right_2017_06_23_11_10_34_347.jpg,0,1,0,7.844569
/Users/anvaysrivastava/Developer/udacity/sdc/CarND-Behavioral-Cloning-P3/dirt_curve2/IMG/center_2017_06_23_11_10_34_425.jpg,/Users/anvaysrivastava/Developer/udacity/sdc/CarND-Behavioral-Cloning-P3/dirt_curve2/IMG/left_2017_06_23_11_10_34_425.jpg,/Users/anvaysrivastava/Developer/udacity/sdc/CarND-Behavioral-Cloning-P3/dirt_curve2/IMG/right_2017_06_23_11_10_34_425.jpg,0,1,0,8.521571
/Users/anvaysrivastava/Developer/udacity/sdc/CarND-Behavioral-Cloning-P3/dirt_curve2/IMG/center_2017_06_23_11_10_34_497.jpg,/Users/anvaysrivastava/Developer/udacity/sdc/CarND-Behavioral-Cloning-P3/dirt_curve2/IMG/left_2017_06_23_11_10_34_497.jpg,/Users/anvaysrivastava/Developer/udacity/sdc/CarND-Behavioral-Cloning-P3/dirt_curve2/IMG/right_2017_06_23_11_10_34_497.jpg,0,1,0,9.418078
/Users/anvaysrivastava/Developer/udacity/sdc/CarND-Behavioral-Cloning-P3/dirt_curve2/IMG/center_2017_06_23_11_10_34_567.jpg,/Users/anvaysrivastava/Developer/udacity/sdc/CarND-Behavioral-Cloning-P3/dirt_curve2/IMG/left_2017_06_23_11_10_34_567.jpg,/Users/anvaysrivastava/Developer/udacity/sdc/CarND-Behavioral-Cloning-P3/dirt_curve2/IMG/right_2017_06_23_11_10_34_567.jpg,0,1,0,10.30754
/Users/anvaysrivastava/Developer/udacity/sdc/CarND-Behavioral-Cloning-P3/dirt_curve2/IMG/center_2017_06_23_11_10_34_643.jpg,/Users/anvaysrivastava/Developer/udacity/sdc/CarND-Behavioral-Cloning-P3/dirt_curve2/IMG/left_2017_06_23_11_10_34_643.jpg,/Users/anvaysrivastava/Developer/udacity/sdc/CarND-Behavioral-Cloning-P3/dirt_curve2/IMG/right_2017_06_23_11_10_34_643.jpg,-0.05,1,0,10.96953
/Users/anvaysrivastava/Developer/udacity/sdc/CarND-Behavioral-Cloning-P3/dirt_curve2/IMG/center_2017_06_23_11_10_34_731.jpg,/Users/anvaysrivastava/Developer/udacity/sdc/CarND-Behavioral-Cloning-P3/dirt_curve2/IMG/left_2017_06_23_11_10_34_731.jpg,/Users/anvaysrivastava/Developer/udacity/sdc/CarND-Behavioral-Cloning-P3/dirt_curve2/IMG/right_2017_06_23_11_10_34_731.jpg,-0.3,1,0,12.14684
/Users/anvaysrivastava/Developer/udacity/sdc/CarND-Behavioral-Cloning-P3/dirt_curve2/IMG/center_2017_06_23_11_10_34_817.jpg,/Users/anvaysrivastava/Developer/udacity/sdc/CarND-Behavioral-Cloning-P3/dirt_curve2/IMG/left_2017_06_23_11_10_34_817.jpg,/Users/anvaysrivastava/Developer/udacity/sdc/CarND-Behavioral-Cloning-P3/dirt_curve2/IMG/right_2017_06_23_11_10_34_817.jpg,-0.1680089,1,0,12.50673
/Users/anvaysrivastava/Developer/udacity/sdc/CarND-Behavioral-Cloning-P3/dirt_curve2/IMG/center_2017_06_23_11_10_34_898.jpg,/Users/anvaysrivastava/Developer/udacity/sdc/CarND-Behavioral-Cloning-P3/dirt_curve2/IMG/left_2017_06_23_11_10_34_898.jpg,/Users/anvaysrivastava/Developer/udacity/sdc/CarND-Behavioral-Cloning-P3/dirt_curve2/IMG/right_2017_06_23_11_10_34_898.jpg,0,0.76405,0,13.20635
/Users/anvaysrivastava/Developer/udacity/sdc/CarND-Behavioral-Cloning-P3/dirt_curve2/IMG/center_2017_06_23_11_10_34_952.jpg,/Users/anvaysrivastava/Developer/udacity/sdc/CarND-Behavioral-Cloning-P3/dirt_curve2/IMG/left_2017_06_23_11_10_34_952.jpg,/Users/anvaysrivastava/Developer/udacity/sdc/CarND-Behavioral-Cloning-P3/dirt_curve2/IMG/right_2017_06_23_11_10_34_952.jpg,0,0.538453,0,13.80639
/Users/anvaysrivastava/Developer/udacity/sdc/CarND-Behavioral-Cloning-P3/dirt_curve2/IMG/center_2017_06_23_11_10_35_040.jpg,/Users/anvaysrivastava/Developer/udacity/sdc/CarND-Behavioral-Cloning-P3/dirt_curve2/IMG/left_2017_06_23_11_10_35_040.jpg,/Users/anvaysrivastava/Developer/udacity/sdc/CarND-Behavioral-Cloning-P3/dirt_curve2/IMG/right_2017_06_23_11_10_35_040.jpg,0,0.274681,0,14.04812
/Users/anvaysrivastava/Developer/udacity/sdc/CarND-Behavioral-Cloning-P3/dirt_curve2/IMG/center_2017_06_23_11_10_35_143.jpg,/Users/anvaysrivastava/Developer/udacity/sdc/CarND-Behavioral-Cloning-P3/dirt_curve2/IMG/left_2017_06_23_11_10_35_143.jpg,/Users/anvaysrivastava/Developer/udacity/sdc/CarND-Behavioral-Cloning-P3/dirt_curve2/IMG/right_2017_06_23_11_10_35_143.jpg,0,0.02961701,0,14.10965
/Users/anvaysrivastava/Developer/udacity/sdc/CarND-Behavioral-Cloning-P3/dirt_curve2/IMG/center_2017_06_23_11_10_35_222.jpg,/Users/anvaysrivastava/Developer/udacity/sdc/CarND-Behavioral-Cloning-P3/dirt_curve2/IMG/left_2017_06_23_11_10_35_222.jpg,/Users/anvaysrivastava/Developer/udacity/sdc/CarND-Behavioral-Cloning-P3/dirt_curve2/IMG/right_2017_06_23_11_10_35_222.jpg,0,0,0,13.98874
/Users/anvaysrivastava/Developer/udacity/sdc/CarND-Behavioral-Cloning-P3/dirt_curve2/IMG/center_2017_06_23_11_10_35_302.jpg,/Users/anvaysrivastava/Developer/udacity/sdc/CarND-Behavioral-Cloning-P3/dirt_curve2/IMG/left_2017_06_23_11_10_35_302.jpg,/Users/anvaysrivastava/Developer/udacity/sdc/CarND-Behavioral-Cloning-P3/dirt_curve2/IMG/right_2017_06_23_11_10_35_302.jpg,0,0,0,13.87842
/Users/anvaysrivastava/Developer/udacity/sdc/CarND-Behavioral-Cloning-P3/dirt_curve2/IMG/center_2017_06_23_11_10_35_385.jpg,/Users/anvaysrivastava/Developer/udacity/sdc/CarND-Behavioral-Cloning-P3/dirt_curve2/IMG/left_2017_06_23_11_10_35_385.jpg,/Users/anvaysrivastava/Developer/udacity/sdc/CarND-Behavioral-Cloning-P3/dirt_curve2/IMG/right_2017_06_23_11_10_35_385.jpg,0,0,0,13.7697
/Users/anvaysrivastava/Developer/udacity/sdc/CarND-Behavioral-Cloning-P3/dirt_curve2/IMG/center_2017_06_23_11_10_35_465.jpg,/Users/anvaysrivastava/Developer/udacity/sdc/CarND-Behavioral-Cloning-P3/dirt_curve2/IMG/left_2017_06_23_11_10_35_465.jpg,/Users/anvaysrivastava/Developer/udacity/sdc/CarND-Behavioral-Cloning-P3/dirt_curve2/IMG/right_2017_06_23_11_10_35_465.jpg,0,0,0,13.66036
/Users/anvaysrivastava/Developer/udacity/sdc/CarND-Behavioral-Cloning-P3/dirt_curve2/IMG/center_2017_06_23_11_10_35_549.jpg,/Users/anvaysrivastava/Developer/udacity/sdc/CarND-Behavioral-Cloning-P3/dirt_curve2/IMG/left_2017_06_23_11_10_35_549.jpg,/Users/anvaysrivastava/Developer/udacity/sdc/CarND-Behavioral-Cloning-P3/dirt_curve2/IMG/right_2017_06_23_11_10_35_549.jpg,0,0.255771,0,13.67452
/Users/anvaysrivastava/Developer/udacity/sdc/CarND-Behavioral-Cloning-P3/dirt_curve2/IMG/center_2017_06_23_11_10_35_629.jpg,/Users/anvaysrivastava/Developer/udacity/sdc/CarND-Behavioral-Cloning-P3/dirt_curve2/IMG/left_2017_06_23_11_10_35_629.jpg,/Users/anvaysrivastava/Developer/udacity/sdc/CarND-Behavioral-Cloning-P3/dirt_curve2/IMG/right_2017_06_23_11_10_35_629.jpg,0,0.2506081,0,13.88723
/Users/anvaysrivastava/Developer/udacity/sdc/CarND-Behavioral-Cloning-P3/dirt_curve2/IMG/center_2017_06_23_11_10_35_717.jpg,/Users/anvaysrivastava/Developer/udacity/sdc/CarND-Behavioral-Cloning-P3/dirt_curve2/IMG/left_2017_06_23_11_10_35_717.jpg,/Users/anvaysrivastava/Developer/udacity/sdc/CarND-Behavioral-Cloning-P3/dirt_curve2/IMG/right_2017_06_23_11_10_35_717.jpg,0,0,0,13.85225
/Users/anvaysrivastava/Developer/udacity/sdc/CarND-Behavioral-Cloning-P3/dirt_curve2/IMG/center_2017_06_23_11_10_35_792.jpg,/Users/anvaysrivastava/Developer/udacity/sdc/CarND-Behavioral-Cloning-P3/dirt_curve2/IMG/left_2017_06_23_11_10_35_792.jpg,/Users/anvaysrivastava/Developer/udacity/sdc/CarND-Behavioral-Cloning-P3/dirt_curve2/IMG/right_2017_06_23_11_10_35_792.jpg,0,0,0,13.74529
/Users/anvaysrivastava/Developer/udacity/sdc/CarND-Behavioral-Cloning-P3/dirt_curve2/IMG/center_2017_06_23_11_10_35_862.jpg,/Users/anvaysrivastava/Developer/udacity/sdc/CarND-Behavioral-Cloning-P3/dirt_curve2/IMG/left_2017_06_23_11_10_35_862.jpg,/Users/anvaysrivastava/Developer/udacity/sdc/CarND-Behavioral-Cloning-P3/dirt_curve2/IMG/right_2017_06_23_11_10_35_862.jpg,0,0,0,13.67996
/Users/anvaysrivastava/Developer/udacity/sdc/CarND-Behavioral-Cloning-P3/dirt_curve2/IMG/center_2017_06_23_11_10_35_933.jpg,/Users/anvaysrivastava/Developer/udacity/sdc/CarND-Behavioral-Cloning-P3/dirt_curve2/IMG/left_2017_06_23_11_10_35_933.jpg,/Users/anvaysrivastava/Developer/udacity/sdc/CarND-Behavioral-Cloning-P3/dirt_curve2/IMG/right_2017_06_23_11_10_35_933.jpg,0,0,0,13.55491
/Users/anvaysrivastava/Developer/udacity/sdc/CarND-Behavioral-Cloning-P3/dirt_curve2/IMG/center_2017_06_23_11_10_36_005.jpg,/Users/anvaysrivastava/Developer/udacity/sdc/CarND-Behavioral-Cloning-P3/dirt_curve2/IMG/left_2017_06_23_11_10_36_005.jpg,/Users/anvaysrivastava/Developer/udacity/sdc/CarND-Behavioral-Cloning-P3/dirt_curve2/IMG/right_2017_06_23_11_10_36_005.jpg,0,0,0,13.43884
/Users/anvaysrivastava/Developer/udacity/sdc/CarND-Behavioral-Cloning-P3/dirt_curve2/IMG/center_2017_06_23_11_10_36_075.jpg,/Users/anvaysrivastava/Developer/udacity/sdc/CarND-Behavioral-Cloning-P3/dirt_curve2/IMG/left_2017_06_23_11_10_36_075.jpg,/Users/anvaysrivastava/Developer/udacity/sdc/CarND-Behavioral-Cloning-P3/dirt_curve2/IMG/right_2017_06_23_11_10_36_075.jpg,0,0.105102,0,13.3055
/Users/anvaysrivastava/Developer/udacity/sdc/CarND-Behavioral-Cloning-P3/dirt_curve2/IMG/center_2017_06_23_11_10_36_145.jpg,/Users/anvaysrivastava/Developer/udacity/sdc/CarND-Behavioral-Cloning-P3/dirt_curve2/IMG/left_2017_06_23_11_10_36_145.jpg,/Users/anvaysrivastava/Developer/udacity/sdc/CarND-Behavioral-Cloning-P3/dirt_curve2/IMG/right_2017_06_23_11_10_36_145.jpg,0,0.3170369,0,13.40702
/Users/anvaysrivastava/Developer/udacity/sdc/CarND-Behavioral-Cloning-P3/dirt_curve2/IMG/center_2017_06_23_11_10_36_216.jpg,/Users/anvaysrivastava/Developer/udacity/sdc/CarND-Behavioral-Cloning-P3/dirt_curve2/IMG/left_2017_06_23_11_10_36_216.jpg,/Users/anvaysrivastava/Developer/udacity/sdc/CarND-Behavioral-Cloning-P3/dirt_curve2/IMG/right_2017_06_23_11_10_36_216.jpg,0,0.316503,0,13.65288
/Users/anvaysrivastava/Developer/udacity/sdc/CarND-Behavioral-Cloning-P3/dirt_curve2/IMG/center_2017_06_23_11_10_36_289.jpg,/Users/anvaysrivastava/Developer/udacity/sdc/CarND-Behavioral-Cloning-P3/dirt_curve2/IMG/left_2017_06_23_11_10_36_289.jpg,/Users/anvaysrivastava/Developer/udacity/sdc/CarND-Behavioral-Cloning-P3/dirt_curve2/IMG/right_2017_06_23_11_10_36_289.jpg,0,0.09675908,0,13.77949
/Users/anvaysrivastava/Developer/udacity/sdc/CarND-Behavioral-Cloning-P3/dirt_curve2/IMG/center_2017_06_23_11_10_36_363.jpg,/Users/anvaysrivastava/Developer/udacity/sdc/CarND-Behavioral-Cloning-P3/dirt_curve2/IMG/left_2017_06_23_11_10_36_363.jpg,/Users/anvaysrivastava/Developer/udacity/sdc/CarND-Behavioral-Cloning-P3/dirt_curve2/IMG/right_2017_06_23_11_10_36_363.jpg,0,0,0,13.69618
/Users/anvaysrivastava/Developer/udacity/sdc/CarND-Behavioral-Cloning-P3/dirt_curve2/IMG/center_2017_06_23_11_10_36_433.jpg,/Users/anvaysrivastava/Developer/udacity/sdc/CarND-Behavioral-Cloning-P3/dirt_curve2/IMG/left_2017_06_23_11_10_36_433.jpg,/Users/anvaysrivastava/Developer/udacity/sdc/CarND-Behavioral-Cloning-P3/dirt_curve2/IMG/right_2017_06_23_11_10_36_433.jpg,-0.2,0,0,13.60215
/Users/anvaysrivastava/Developer/udacity/sdc/CarND-Behavioral-Cloning-P3/dirt_curve2/IMG/center_2017_06_23_11_10_36_501.jpg,/Users/anvaysrivastava/Developer/udacity/sdc/CarND-Behavioral-Cloning-P3/dirt_curve2/IMG/left_2017_06_23_11_10_36_501.jpg,/Users/anvaysrivastava/Developer/udacity/sdc/CarND-Behavioral-Cloning-P3/dirt_curve2/IMG/right_2017_06_23_11_10_36_501.jpg,-0.209964,0,0,13.47106
/Users/anvaysrivastava/Developer/udacity/sdc/CarND-Behavioral-Cloning-P3/dirt_curve2/IMG/center_2017_06_23_11_10_36_571.jpg,/Users/anvaysrivastava/Developer/udacity/sdc/CarND-Behavioral-Cloning-P3/dirt_curve2/IMG/left_2017_06_23_11_10_36_571.jpg,/Users/anvaysrivastava/Developer/udacity/sdc/CarND-Behavioral-Cloning-P3/dirt_curve2/IMG/right_2017_06_23_11_10_36_571.jpg,-0.003606141,0,0,13.3725
/Users/anvaysrivastava/Developer/udacity/sdc/CarND-Behavioral-Cloning-P3/dirt_curve2/IMG/center_2017_06_23_11_10_36_621.jpg,/Users/anvaysrivastava/Developer/udacity/sdc/CarND-Behavioral-Cloning-P3/dirt_curve2/IMG/left_2017_06_23_11_10_36_621.jpg,/Users/anvaysrivastava/Developer/udacity/sdc/CarND-Behavioral-Cloning-P3/dirt_curve2/IMG/right_2017_06_23_11_10_36_621.jpg,0,0,0,13.23602
/Users/anvaysrivastava/Developer/udacity/sdc/CarND-Behavioral-Cloning-P3/dirt_curve2/IMG/center_2017_06_23_11_10_36_714.jpg,/Users/anvaysrivastava/Developer/udacity/sdc/CarND-Behavioral-Cloning-P3/dirt_curve2/IMG/left_2017_06_23_11_10_36_714.jpg,/Users/anvaysrivastava/Developer/udacity/sdc/CarND-Behavioral-Cloning-P3/dirt_curve2/IMG/right_2017_06_23_11_10_36_714.jpg,0,0,0,13.11248
/Users/anvaysrivastava/Developer/udacity/sdc/CarND-Behavioral-Cloning-P3/dirt_curve2/IMG/center_2017_06_23_11_10_36_793.jpg,/Users/anvaysrivastava/Developer/udacity/sdc/CarND-Behavioral-Cloning-P3/dirt_curve2/IMG/left_2017_06_23_11_10_36_793.jpg,/Users/anvaysrivastava/Developer/udacity/sdc/CarND-Behavioral-Cloning-P3/dirt_curve2/IMG/right_2017_06_23_11_10_36_793.jpg,0,0,0,12.977
/Users/anvaysrivastava/Developer/udacity/sdc/CarND-Behavioral-Cloning-P3/dirt_curve2/IMG/center_2017_06_23_11_10_36_869.jpg,/Users/anvaysrivastava/Developer/udacity/sdc/CarND-Behavioral-Cloning-P3/dirt_curve2/IMG/left_2017_06_23_11_10_36_869.jpg,/Users/anvaysrivastava/Developer/udacity/sdc/CarND-Behavioral-Cloning-P3/dirt_curve2/IMG/right_2017_06_23_11_10_36_869.jpg,0,0.212853,0,12.96448
/Users/anvaysrivastava/Developer/udacity/sdc/CarND-Behavioral-Cloning-P3/dirt_curve2/IMG/center_2017_06_23_11_10_36_950.jpg,/Users/anvaysrivastava/Developer/udacity/sdc/CarND-Behavioral-Cloning-P3/dirt_curve2/IMG/left_2017_06_23_11_10_36_950.jpg,/Users/anvaysrivastava/Developer/udacity/sdc/CarND-Behavioral-Cloning-P3/dirt_curve2/IMG/right_2017_06_23_11_10_36_950.jpg,0,0.453036,0,13.33835
/Users/anvaysrivastava/Developer/udacity/sdc/CarND-Behavioral-Cloning-P3/dirt_curve2/IMG/center_2017_06_23_11_10_37_027.jpg,/Users/anvaysrivastava/Developer/udacity/sdc/CarND-Behavioral-Cloning-P3/dirt_curve2/IMG/left_2017_06_23_11_10_37_027.jpg,/Users/anvaysrivastava/Developer/udacity/sdc/CarND-Behavioral-Cloning-P3/dirt_curve2/IMG/right_2017_06_23_11_10_37_027.jpg,0,0.4484521,0,13.47933
/Users/anvaysrivastava/Developer/udacity/sdc/CarND-Behavioral-Cloning-P3/dirt_curve2/IMG/center_2017_06_23_11_10_37_109.jpg,/Users/anvaysrivastava/Developer/udacity/sdc/CarND-Behavioral-Cloning-P3/dirt_curve2/IMG/left_2017_06_23_11_10_37_109.jpg,/Users/anvaysrivastava/Developer/udacity/sdc/CarND-Behavioral-Cloning-P3/dirt_curve2/IMG/right_2017_06_23_11_10_37_109.jpg,0,0.2189791,0,13.60793
/Users/anvaysrivastava/Developer/udacity/sdc/CarND-Behavioral-Cloning-P3/dirt_curve2/IMG/center_2017_06_23_11_10_37_187.jpg,/Users/anvaysrivastava/Developer/udacity/sdc/CarND-Behavioral-Cloning-P3/dirt_curve2/IMG/left_2017_06_23_11_10_37_187.jpg,/Users/anvaysrivastava/Developer/udacity/sdc/CarND-Behavioral-Cloning-P3/dirt_curve2/IMG/right_2017_06_23_11_10_37_187.jpg,-0.1,0,0,13.52212
/Users/anvaysrivastava/Developer/udacity/sdc/CarND-Behavioral-Cloning-P3/dirt_curve2/IMG/center_2017_06_23_11_10_37_269.jpg,/Users/anvaysrivastava/Developer/udacity/sdc/CarND-Behavioral-Cloning-P3/dirt_curve2/IMG/left_2017_06_23_11_10_37_269.jpg,/Users/anvaysrivastava/Developer/udacity/sdc/CarND-Behavioral-Cloning-P3/dirt_curve2/IMG/right_2017_06_23_11_10_37_269.jpg,-0.1166071,0,0,13.40748
/Users/anvaysrivastava/Developer/udacity/sdc/CarND-Behavioral-Cloning-P3/dirt_curve2/IMG/center_2017_06_23_11_10_37_350.jpg,/Users/anvaysrivastava/Developer/udacity/sdc/CarND-Behavioral-Cloning-P3/dirt_curve2/IMG/left_2017_06_23_11_10_37_350.jpg,/Users/anvaysrivastava/Developer/udacity/sdc/CarND-Behavioral-Cloning-P3/dirt_curve2/IMG/right_2017_06_23_11_10_37_350.jpg,0,0,0,13.80742
/Users/anvaysrivastava/Developer/udacity/sdc/CarND-Behavioral-Cloning-P3/dirt_curve2/IMG/center_2017_06_23_11_10_37_410.jpg,/Users/anvaysrivastava/Developer/udacity/sdc/CarND-Behavioral-Cloning-P3/dirt_curve2/IMG/left_2017_06_23_11_10_37_410.jpg,/Users/anvaysrivastava/Developer/udacity/sdc/CarND-Behavioral-Cloning-P3/dirt_curve2/IMG/right_2017_06_23_11_10_37_410.jpg,0,0,0,13.64068
/Users/anvaysrivastava/Developer/udacity/sdc/CarND-Behavioral-Cloning-P3/dirt_curve2/IMG/center_2017_06_23_11_10_37_514.jpg,/Users/anvaysrivastava/Developer/udacity/sdc/CarND-Behavioral-Cloning-P3/dirt_curve2/IMG/left_2017_06_23_11_10_37_514.jpg,/Users/anvaysrivastava/Developer/udacity/sdc/CarND-Behavioral-Cloning-P3/dirt_curve2/IMG/right_2017_06_23_11_10_37_514.jpg,0,0,0,13.50712
/Users/anvaysrivastava/Developer/udacity/sdc/CarND-Behavioral-Cloning-P3/dirt_curve2/IMG/center_2017_06_23_11_10_37_600.jpg,/Users/anvaysrivastava/Developer/udacity/sdc/CarND-Behavioral-Cloning-P3/dirt_curve2/IMG/left_2017_06_23_11_10_37_600.jpg,/Users/anvaysrivastava/Developer/udacity/sdc/CarND-Behavioral-Cloning-P3/dirt_curve2/IMG/right_2017_06_23_11_10_37_600.jpg,0,0,0,13.39566
/Users/anvaysrivastava/Developer/udacity/sdc/CarND-Behavioral-Cloning-P3/dirt_curve2/IMG/center_2017_06_23_11_10_37_672.jpg,/Users/anvaysrivastava/Developer/udacity/sdc/CarND-Behavioral-Cloning-P3/dirt_curve2/IMG/left_2017_06_23_11_10_37_672.jpg,/Users/anvaysrivastava/Developer/udacity/sdc/CarND-Behavioral-Cloning-P3/dirt_curve2/IMG/right_2017_06_23_11_10_37_672.jpg,0,0.228222,0,13.42615
/Users/anvaysrivastava/Developer/udacity/sdc/CarND-Behavioral-Cloning-P3/dirt_curve2/IMG/center_2017_06_23_11_10_37_749.jpg,/Users/anvaysrivastava/Developer/udacity/sdc/CarND-Behavioral-Cloning-P3/dirt_curve2/IMG/left_2017_06_23_11_10_37_749.jpg,/Users/anvaysrivastava/Developer/udacity/sdc/CarND-Behavioral-Cloning-P3/dirt_curve2/IMG/right_2017_06_23_11_10_37_749.jpg,0,0.4672769,0,13.65031
/Users/anvaysrivastava/Developer/udacity/sdc/CarND-Behavioral-Cloning-P3/dirt_curve2/IMG/center_2017_06_23_11_10_37_826.jpg,/Users/anvaysrivastava/Developer/udacity/sdc/CarND-Behavioral-Cloning-P3/dirt_curve2/IMG/left_2017_06_23_11_10_37_826.jpg,/Users/anvaysrivastava/Developer/udacity/sdc/CarND-Behavioral-Cloning-P3/dirt_curve2/IMG/right_2017_06_23_11_10_37_826.jpg,0,0.2412838,0,13.84606
/Users/anvaysrivastava/Developer/udacity/sdc/CarND-Behavioral-Cloning-P3/dirt_curve2/IMG/center_2017_06_23_11_10_37_880.jpg,/Users/anvaysrivastava/Developer/udacity/sdc/CarND-Behavioral-Cloning-P3/dirt_curve2/IMG/left_2017_06_23_11_10_37_880.jpg,/Users/anvaysrivastava/Developer/udacity/sdc/CarND-Behavioral-Cloning-P3/dirt_curve2/IMG/right_2017_06_23_11_10_37_880.jpg,-0.1,0.02111381,0,13.44225
/Users/anvaysrivastava/Developer/udacity/sdc/CarND-Behavioral-Cloning-P3/dirt_curve2/IMG/center_2017_06_23_11_10_37_984.jpg,/Users/anvaysrivastava/Developer/udacity/sdc/CarND-Behavioral-Cloning-P3/dirt_curve2/IMG/left_2017_06_23_11_10_37_984.jpg,/Users/anvaysrivastava/Developer/udacity/sdc/CarND-Behavioral-Cloning-P3/dirt_curve2/IMG/right_2017_06_23_11_10_37_984.jpg,-0.3,0,0,13.27906
/Users/anvaysrivastava/Developer/udacity/sdc/CarND-Behavioral-Cloning-P3/dirt_curve2/IMG/center_2017_06_23_11_10_38_066.jpg,/Users/anvaysrivastava/Developer/udacity/sdc/CarND-Behavioral-Cloning-P3/dirt_curve2/IMG/left_2017_06_23_11_10_38_066.jpg,/Users/anvaysrivastava/Developer/udacity/sdc/CarND-Behavioral-Cloning-P3/dirt_curve2/IMG/right_2017_06_23_11_10_38_066.jpg,-0.117879,0,0,13.0753
/Users/anvaysrivastava/Developer/udacity/sdc/CarND-Behavioral-Cloning-P3/dirt_curve2/IMG/center_2017_06_23_11_10_38_147.jpg,/Users/anvaysrivastava/Developer/udacity/sdc/CarND-Behavioral-Cloning-P3/dirt_curve2/IMG/left_2017_06_23_11_10_38_147.jpg,/Users/anvaysrivastava/Developer/udacity/sdc/CarND-Behavioral-Cloning-P3/dirt_curve2/IMG/right_2017_06_23_11_10_38_147.jpg,0,0,0,12.97434
/Users/anvaysrivastava/Developer/udacity/sdc/CarND-Behavioral-Cloning-P3/dirt_curve2/IMG/center_2017_06_23_11_10_38_232.jpg,/Users/anvaysrivastava/Developer/udacity/sdc/CarND-Behavioral-Cloning-P3/dirt_curve2/IMG/left_2017_06_23_11_10_38_232.jpg,/Users/anvaysrivastava/Developer/udacity/sdc/CarND-Behavioral-Cloning-P3/dirt_curve2/IMG/right_2017_06_23_11_10_38_232.jpg,0,0.1271941,0,13.39828
/Users/anvaysrivastava/Developer/udacity/sdc/CarND-Behavioral-Cloning-P3/dirt_curve2/IMG/center_2017_06_23_11_10_38_325.jpg,/Users/anvaysrivastava/Developer/udacity/sdc/CarND-Behavioral-Cloning-P3/dirt_curve2/IMG/left_2017_06_23_11_10_38_325.jpg,/Users/anvaysrivastava/Developer/udacity/sdc/CarND-Behavioral-Cloning-P3/dirt_curve2/IMG/right_2017_06_23_11_10_38_325.jpg,0,0.4358311,0,13.39382
/Users/anvaysrivastava/Developer/udacity/sdc/CarND-Behavioral-Cloning-P3/dirt_curve2/IMG/center_2017_06_23_11_10_38_393.jpg,/Users/anvaysrivastava/Developer/udacity/sdc/CarND-Behavioral-Cloning-P3/dirt_curve2/IMG/left_2017_06_23_11_10_38_393.jpg,/Users/anvaysrivastava/Developer/udacity/sdc/CarND-Behavioral-Cloning-P3/dirt_curve2/IMG/right_2017_06_23_11_10_38_393.jpg,0,0.676203,0,13.84883
/Users/anvaysrivastava/Developer/udacity/sdc/CarND-Behavioral-Cloning-P3/dirt_curve2/IMG/center_2017_06_23_11_10_38_507.jpg,/Users/anvaysrivastava/Developer/udacity/sdc/CarND-Behavioral-Cloning-P3/dirt_curve2/IMG/left_2017_06_23_11_10_38_507.jpg,/Users/anvaysrivastava/Developer/udacity/sdc/CarND-Behavioral-Cloning-P3/dirt_curve2/IMG/right_2017_06_23_11_10_38_507.jpg,0,0.950712,0,14.60566
/Users/anvaysrivastava/Developer/udacity/sdc/CarND-Behavioral-Cloning-P3/dirt_curve2/IMG/center_2017_06_23_11_10_38_578.jpg,/Users/anvaysrivastava/Developer/udacity/sdc/CarND-Behavioral-Cloning-P3/dirt_curve2/IMG/left_2017_06_23_11_10_38_578.jpg,/Users/anvaysrivastava/Developer/udacity/sdc/CarND-Behavioral-Cloning-P3/dirt_curve2/IMG/right_2017_06_23_11_10_38_578.jpg,0,0.6706799,0,15.49883
/Users/anvaysrivastava/Developer/udacity/sdc/CarND-Behavioral-Cloning-P3/dirt_curve2/IMG/center_2017_06_23_11_10_38_684.jpg,/Users/anvaysrivastava/Developer/udacity/sdc/CarND-Behavioral-Cloning-P3/dirt_curve2/IMG/left_2017_06_23_11_10_38_684.jpg,/Users/anvaysrivastava/Developer/udacity/sdc/CarND-Behavioral-Cloning-P3/dirt_curve2/IMG/right_2017_06_23_11_10_38_684.jpg,0,0.697404,0,16.09165
/Users/anvaysrivastava/Developer/udacity/sdc/CarND-Behavioral-Cloning-P3/dirt_curve2/IMG/center_2017_06_23_11_10_38_751.jpg,/Users/anvaysrivastava/Developer/udacity/sdc/CarND-Behavioral-Cloning-P3/dirt_curve2/IMG/left_2017_06_23_11_10_38_751.jpg,/Users/anvaysrivastava/Developer/udacity/sdc/CarND-Behavioral-Cloning-P3/dirt_curve2/IMG/right_2017_06_23_11_10_38_751.jpg,0,0.943104,0,16.95281
/Users/anvaysrivastava/Developer/udacity/sdc/CarND-Behavioral-Cloning-P3/dirt_curve2/IMG/center_2017_06_23_11_10_38_842.jpg,/Users/anvaysrivastava/Developer/udacity/sdc/CarND-Behavioral-Cloning-P3/dirt_curve2/IMG/left_2017_06_23_11_10_38_842.jpg,/Users/anvaysrivastava/Developer/udacity/sdc/CarND-Behavioral-Cloning-P3/dirt_curve2/IMG/right_2017_06_23_11_10_38_842.jpg,0,1,0,17.58659
/Users/anvaysrivastava/Developer/udacity/sdc/CarND-Behavioral-Cloning-P3/dirt_curve2/IMG/center_2017_06_23_11_10_38_925.jpg,/Users/anvaysrivastava/Developer/udacity/sdc/CarND-Behavioral-Cloning-P3/dirt_curve2/IMG/left_2017_06_23_11_10_38_925.jpg,/Users/anvaysrivastava/Developer/udacity/sdc/CarND-Behavioral-Cloning-P3/dirt_curve2/IMG/right_2017_06_23_11_10_38_925.jpg,0,1,0,18.43932
/Users/anvaysrivastava/Developer/udacity/sdc/CarND-Behavioral-Cloning-P3/dirt_curve2/IMG/center_2017_06_23_11_10_39_004.jpg,/Users/anvaysrivastava/Developer/udacity/sdc/CarND-Behavioral-Cloning-P3/dirt_curve2/IMG/left_2017_06_23_11_10_39_004.jpg,/Users/anvaysrivastava/Developer/udacity/sdc/CarND-Behavioral-Cloning-P3/dirt_curve2/IMG/right_2017_06_23_11_10_39_004.jpg,0,0.7596791,0,19.14028
/Users/anvaysrivastava/Developer/udacity/sdc/CarND-Behavioral-Cloning-P3/dirt_curve2/IMG/center_2017_06_23_11_10_39_086.jpg,/Users/anvaysrivastava/Developer/udacity/sdc/CarND-Behavioral-Cloning-P3/dirt_curve2/IMG/left_2017_06_23_11_10_39_086.jpg,/Users/anvaysrivastava/Developer/udacity/sdc/CarND-Behavioral-Cloning-P3/dirt_curve2/IMG/right_2017_06_23_11_10_39_086.jpg,0,0.5160431,0,19.89858
/Users/anvaysrivastava/Developer/udacity/sdc/CarND-Behavioral-Cloning-P3/dirt_curve2/IMG/center_2017_06_23_11_10_39_165.jpg,/Users/anvaysrivastava/Developer/udacity/sdc/CarND-Behavioral-Cloning-P3/dirt_curve2/IMG/left_2017_06_23_11_10_39_165.jpg,/Users/anvaysrivastava/Developer/udacity/sdc/CarND-Behavioral-Cloning-P3/dirt_curve2/IMG/right_2017_06_23_11_10_39_165.jpg,-0.1,0.27883,0,19.97351
/Users/anvaysrivastava/Developer/udacity/sdc/CarND-Behavioral-Cloning-P3/dirt_curve2/IMG/center_2017_06_23_11_10_39_249.jpg,/Users/anvaysrivastava/Developer/udacity/sdc/CarND-Behavioral-Cloning-P3/dirt_curve2/IMG/left_2017_06_23_11_10_39_249.jpg,/Users/anvaysrivastava/Developer/udacity/sdc/CarND-Behavioral-Cloning-P3/dirt_curve2/IMG/right_2017_06_23_11_10_39_249.jpg,-0.3,0.02665907,0,19.91758
/Users/anvaysrivastava/Developer/udacity/sdc/CarND-Behavioral-Cloning-P3/dirt_curve2/IMG/center_2017_06_23_11_10_39_336.jpg,/Users/anvaysrivastava/Developer/udacity/sdc/CarND-Behavioral-Cloning-P3/dirt_curve2/IMG/left_2017_06_23_11_10_39_336.jpg,/Users/anvaysrivastava/Developer/udacity/sdc/CarND-Behavioral-Cloning-P3/dirt_curve2/IMG/right_2017_06_23_11_10_39_336.jpg,-0.3864421,0,0,19.70321
/Users/anvaysrivastava/Developer/udacity/sdc/CarND-Behavioral-Cloning-P3/dirt_curve2/IMG/center_2017_06_23_11_10_39_417.jpg,/Users/anvaysrivastava/Developer/udacity/sdc/CarND-Behavioral-Cloning-P3/dirt_curve2/IMG/left_2017_06_23_11_10_39_417.jpg,/Users/anvaysrivastava/Developer/udacity/sdc/CarND-Behavioral-Cloning-P3/dirt_curve2/IMG/right_2017_06_23_11_10_39_417.jpg,-0.1458451,0,0,19.55709
/Users/anvaysrivastava/Developer/udacity/sdc/CarND-Behavioral-Cloning-P3/dirt_curve2/IMG/center_2017_06_23_11_10_39_512.jpg,/Users/anvaysrivastava/Developer/udacity/sdc/CarND-Behavioral-Cloning-P3/dirt_curve2/IMG/left_2017_06_23_11_10_39_512.jpg,/Users/anvaysrivastava/Developer/udacity/sdc/CarND-Behavioral-Cloning-P3/dirt_curve2/IMG/right_2017_06_23_11_10_39_512.jpg,0,0.2872079,0,19.25547
/Users/anvaysrivastava/Developer/udacity/sdc/CarND-Behavioral-Cloning-P3/dirt_curve2/IMG/center_2017_06_23_11_10_39_594.jpg,/Users/anvaysrivastava/Developer/udacity/sdc/CarND-Behavioral-Cloning-P3/dirt_curve2/IMG/left_2017_06_23_11_10_39_594.jpg,/Users/anvaysrivastava/Developer/udacity/sdc/CarND-Behavioral-Cloning-P3/dirt_curve2/IMG/right_2017_06_23_11_10_39_594.jpg,0,0.5332979,0,19.56049
/Users/anvaysrivastava/Developer/udacity/sdc/CarND-Behavioral-Cloning-P3/dirt_curve2/IMG/center_2017_06_23_11_10_39_683.jpg,/Users/anvaysrivastava/Developer/udacity/sdc/CarND-Behavioral-Cloning-P3/dirt_curve2/IMG/left_2017_06_23_11_10_39_683.jpg,/Users/anvaysrivastava/Developer/udacity/sdc/CarND-Behavioral-Cloning-P3/dirt_curve2/IMG/right_2017_06_23_11_10_39_683.jpg,0,0.799392,0,20.13899
/Users/anvaysrivastava/Developer/udacity/sdc/CarND-Behavioral-Cloning-P3/dirt_curve2/IMG/center_2017_06_23_11_10_39_773.jpg,/Users/anvaysrivastava/Developer/udacity/sdc/CarND-Behavioral-Cloning-P3/dirt_curve2/IMG/left_2017_06_23_11_10_39_773.jpg,/Users/anvaysrivastava/Developer/udacity/sdc/CarND-Behavioral-Cloning-P3/dirt_curve2/IMG/right_2017_06_23_11_10_39_773.jpg,0,1,0,21.19141
/Users/anvaysrivastava/Developer/udacity/sdc/CarND-Behavioral-Cloning-P3/dirt_curve2/IMG/center_2017_06_23_11_10_39_871.jpg,/Users/anvaysrivastava/Developer/udacity/sdc/CarND-Behavioral-Cloning-P3/dirt_curve2/IMG/left_2017_06_23_11_10_39_871.jpg,/Users/anvaysrivastava/Developer/udacity/sdc/CarND-Behavioral-Cloning-P3/dirt_curve2/IMG/right_2017_06_23_11_10_39_871.jpg,0,1,0,22.11998
/Users/anvaysrivastava/Developer/udacity/sdc/CarND-Behavioral-Cloning-P3/dirt_curve2/IMG/center_2017_06_23_11_10_39_950.jpg,/Users/anvaysrivastava/Developer/udacity/sdc/CarND-Behavioral-Cloning-P3/dirt_curve2/IMG/left_2017_06_23_11_10_39_950.jpg,/Users/anvaysrivastava/Developer/udacity/sdc/CarND-Behavioral-Cloning-P3/dirt_curve2/IMG/right_2017_06_23_11_10_39_950.jpg,0.2,1,0,22.9039
/Users/anvaysrivastava/Developer/udacity/sdc/CarND-Behavioral-Cloning-P3/dirt_curve2/IMG/center_2017_06_23_11_10_40_028.jpg,/Users/anvaysrivastava/Developer/udacity/sdc/CarND-Behavioral-Cloning-P3/dirt_curve2/IMG/left_2017_06_23_11_10_40_028.jpg,/Users/anvaysrivastava/Developer/udacity/sdc/CarND-Behavioral-Cloning-P3/dirt_curve2/IMG/right_2017_06_23_11_10_40_028.jpg,0.2349002,1,0,23.65087
/Users/anvaysrivastava/Developer/udacity/sdc/CarND-Behavioral-Cloning-P3/dirt_curve2/IMG/center_2017_06_23_11_10_40_107.jpg,/Users/anvaysrivastava/Developer/udacity/sdc/CarND-Behavioral-Cloning-P3/dirt_curve2/IMG/left_2017_06_23_11_10_40_107.jpg,/Users/anvaysrivastava/Developer/udacity/sdc/CarND-Behavioral-Cloning-P3/dirt_curve2/IMG/right_2017_06_23_11_10_40_107.jpg,0,1,0,24.42656
/Users/anvaysrivastava/Developer/udacity/sdc/CarND-Behavioral-Cloning-P3/dirt_curve2/IMG/center_2017_06_23_11_10_40_185.jpg,/Users/anvaysrivastava/Developer/udacity/sdc/CarND-Behavioral-Cloning-P3/dirt_curve2/IMG/left_2017_06_23_11_10_40_185.jpg,/Users/anvaysrivastava/Developer/udacity/sdc/CarND-Behavioral-Cloning-P3/dirt_curve2/IMG/right_2017_06_23_11_10_40_185.jpg,0,0.7669239,0,25.05328
/Users/anvaysrivastava/Developer/udacity/sdc/CarND-Behavioral-Cloning-P3/dirt_curve2/IMG/center_2017_06_23_11_10_40_261.jpg,/Users/anvaysrivastava/Developer/udacity/sdc/CarND-Behavioral-Cloning-P3/dirt_curve2/IMG/left_2017_06_23_11_10_40_261.jpg,/Users/anvaysrivastava/Developer/udacity/sdc/CarND-Behavioral-Cloning-P3/dirt_curve2/IMG/right_2017_06_23_11_10_40_261.jpg,0,0.538303,0,25.36851
/Users/anvaysrivastava/Developer/udacity/sdc/CarND-Behavioral-Cloning-P3/dirt_curve2/IMG/center_2017_06_23_11_10_40_336.jpg,/Users/anvaysrivastava/Developer/udacity/sdc/CarND-Behavioral-Cloning-P3/dirt_curve2/IMG/left_2017_06_23_11_10_40_336.jpg,/Users/anvaysrivastava/Developer/udacity/sdc/CarND-Behavioral-Cloning-P3/dirt_curve2/IMG/right_2017_06_23_11_10_40_336.jpg,0,0.3152049,0,25.54815
/Users/anvaysrivastava/Developer/udacity/sdc/CarND-Behavioral-Cloning-P3/dirt_curve2/IMG/center_2017_06_23_11_10_40_425.jpg,/Users/anvaysrivastava/Developer/udacity/sdc/CarND-Behavioral-Cloning-P3/dirt_curve2/IMG/left_2017_06_23_11_10_40_425.jpg,/Users/anvaysrivastava/Developer/udacity/sdc/CarND-Behavioral-Cloning-P3/dirt_curve2/IMG/right_2017_06_23_11_10_40_425.jpg,0,0.04877496,0,25.48949
/Users/anvaysrivastava/Developer/udacity/sdc/CarND-Behavioral-Cloning-P3/dirt_curve2/IMG/center_2017_06_23_11_10_40_514.jpg,/Users/anvaysrivastava/Developer/udacity/sdc/CarND-Behavioral-Cloning-P3/dirt_curve2/IMG/left_2017_06_23_11_10_40_514.jpg,/Users/anvaysrivastava/Developer/udacity/sdc/CarND-Behavioral-Cloning-P3/dirt_curve2/IMG/right_2017_06_23_11_10_40_514.jpg,0,0,0,25.25534
/Users/anvaysrivastava/Developer/udacity/sdc/CarND-Behavioral-Cloning-P3/dirt_curve2/IMG/center_2017_06_23_11_10_40_606.jpg,/Users/anvaysrivastava/Developer/udacity/sdc/CarND-Behavioral-Cloning-P3/dirt_curve2/IMG/left_2017_06_23_11_10_40_606.jpg,/Users/anvaysrivastava/Developer/udacity/sdc/CarND-Behavioral-Cloning-P3/dirt_curve2/IMG/right_2017_06_23_11_10_40_606.jpg,-0.25,0,0,24.96641
/Users/anvaysrivastava/Developer/udacity/sdc/CarND-Behavioral-Cloning-P3/dirt_curve2/IMG/center_2017_06_23_11_10_40_686.jpg,/Users/anvaysrivastava/Developer/udacity/sdc/CarND-Behavioral-Cloning-P3/dirt_curve2/IMG/left_2017_06_23_11_10_40_686.jpg,/Users/anvaysrivastava/Developer/udacity/sdc/CarND-Behavioral-Cloning-P3/dirt_curve2/IMG/right_2017_06_23_11_10_40_686.jpg,-0.03267002,0,0,24.7618
/Users/anvaysrivastava/Developer/udacity/sdc/CarND-Behavioral-Cloning-P3/dirt_curve2/IMG/center_2017_06_23_11_10_40_777.jpg,/Users/anvaysrivastava/Developer/udacity/sdc/CarND-Behavioral-Cloning-P3/dirt_curve2/IMG/left_2017_06_23_11_10_40_777.jpg,/Users/anvaysrivastava/Developer/udacity/sdc/CarND-Behavioral-Cloning-P3/dirt_curve2/IMG/right_2017_06_23_11_10_40_777.jpg,0,0,0,24.56098
/Users/anvaysrivastava/Developer/udacity/sdc/CarND-Behavioral-Cloning-P3/dirt_curve2/IMG/center_2017_06_23_11_10_40_864.jpg,/Users/anvaysrivastava/Developer/udacity/sdc/CarND-Behavioral-Cloning-P3/dirt_curve2/IMG/left_2017_06_23_11_10_40_864.jpg,/Users/anvaysrivastava/Developer/udacity/sdc/CarND-Behavioral-Cloning-P3/dirt_curve2/IMG/right_2017_06_23_11_10_40_864.jpg,0,0,0,24.36308
/Users/anvaysrivastava/Developer/udacity/sdc/CarND-Behavioral-Cloning-P3/dirt_curve2/IMG/center_2017_06_23_11_10_40_950.jpg,/Users/anvaysrivastava/Developer/udacity/sdc/CarND-Behavioral-Cloning-P3/dirt_curve2/IMG/left_2017_06_23_11_10_40_950.jpg,/Users/anvaysrivastava/Developer/udacity/sdc/CarND-Behavioral-Cloning-P3/dirt_curve2/IMG/right_2017_06_23_11_10_40_950.jpg,0,0,0,24.11835
/Users/anvaysrivastava/Developer/udacity/sdc/CarND-Behavioral-Cloning-P3/dirt_curve2/IMG/center_2017_06_23_11_10_41_036.jpg,/Users/anvaysrivastava/Developer/udacity/sdc/CarND-Behavioral-Cloning-P3/dirt_curve2/IMG/left_2017_06_23_11_10_41_036.jpg,/Users/anvaysrivastava/Developer/udacity/sdc/CarND-Behavioral-Cloning-P3/dirt_curve2/IMG/right_2017_06_23_11_10_41_036.jpg,0,0.2588069,0,24.08604
/Users/anvaysrivastava/Developer/udacity/sdc/CarND-Behavioral-Cloning-P3/dirt_curve2/IMG/center_2017_06_23_11_10_41_120.jpg,/Users/anvaysrivastava/Developer/udacity/sdc/CarND-Behavioral-Cloning-P3/dirt_curve2/IMG/left_2017_06_23_11_10_41_120.jpg,/Users/anvaysrivastava/Developer/udacity/sdc/CarND-Behavioral-Cloning-P3/dirt_curve2/IMG/right_2017_06_23_11_10_41_120.jpg,-0.1,0.2568149,0,24.18909
/Users/anvaysrivastava/Developer/udacity/sdc/CarND-Behavioral-Cloning-P3/dirt_curve2/IMG/center_2017_06_23_11_10_41_205.jpg,/Users/anvaysrivastava/Developer/udacity/sdc/CarND-Behavioral-Cloning-P3/dirt_curve2/IMG/left_2017_06_23_11_10_41_205.jpg,/Users/anvaysrivastava/Developer/udacity/sdc/CarND-Behavioral-Cloning-P3/dirt_curve2/IMG/right_2017_06_23_11_10_41_205.jpg,-0.35,0.002132893,0,23.99644
/Users/anvaysrivastava/Developer/udacity/sdc/CarND-Behavioral-Cloning-P3/dirt_curve2/IMG/center_2017_06_23_11_10_41_293.jpg,/Users/anvaysrivastava/Developer/udacity/sdc/CarND-Behavioral-Cloning-P3/dirt_curve2/IMG/left_2017_06_23_11_10_41_293.jpg,/Users/anvaysrivastava/Developer/udacity/sdc/CarND-Behavioral-Cloning-P3/dirt_curve2/IMG/right_2017_06_23_11_10_41_293.jpg,-0.394164,0,0,23.71675
/Users/anvaysrivastava/Developer/udacity/sdc/CarND-Behavioral-Cloning-P3/dirt_curve2/IMG/center_2017_06_23_11_10_41_375.jpg,/Users/anvaysrivastava/Developer/udacity/sdc/CarND-Behavioral-Cloning-P3/dirt_curve2/IMG/left_2017_06_23_11_10_41_375.jpg,/Users/anvaysrivastava/Developer/udacity/sdc/CarND-Behavioral-Cloning-P3/dirt_curve2/IMG/right_2017_06_23_11_10_41_375.jpg,-0.148758,0,0,23.52865
/Users/anvaysrivastava/Developer/udacity/sdc/CarND-Behavioral-Cloning-P3/dirt_curve2/IMG/center_2017_06_23_11_10_41_460.jpg,/Users/anvaysrivastava/Developer/udacity/sdc/CarND-Behavioral-Cloning-P3/dirt_curve2/IMG/left_2017_06_23_11_10_41_460.jpg,/Users/anvaysrivastava/Developer/udacity/sdc/CarND-Behavioral-Cloning-P3/dirt_curve2/IMG/right_2017_06_23_11_10_41_460.jpg,0,0,0,23.32666
/Users/anvaysrivastava/Developer/udacity/sdc/CarND-Behavioral-Cloning-P3/dirt_curve2/IMG/center_2017_06_23_11_10_41_546.jpg,/Users/anvaysrivastava/Developer/udacity/sdc/CarND-Behavioral-Cloning-P3/dirt_curve2/IMG/left_2017_06_23_11_10_41_546.jpg,/Users/anvaysrivastava/Developer/udacity/sdc/CarND-Behavioral-Cloning-P3/dirt_curve2/IMG/right_2017_06_23_11_10_41_546.jpg,0,0,0,23.0904
/Users/anvaysrivastava/Developer/udacity/sdc/CarND-Behavioral-Cloning-P3/dirt_curve2/IMG/center_2017_06_23_11_10_41_630.jpg,/Users/anvaysrivastava/Developer/udacity/sdc/CarND-Behavioral-Cloning-P3/dirt_curve2/IMG/left_2017_06_23_11_10_41_630.jpg,/Users/anvaysrivastava/Developer/udacity/sdc/CarND-Behavioral-Cloning-P3/dirt_curve2/IMG/right_2017_06_23_11_10_41_630.jpg,0,0,0,22.90396
/Users/anvaysrivastava/Developer/udacity/sdc/CarND-Behavioral-Cloning-P3/dirt_curve2/IMG/center_2017_06_23_11_10_41_714.jpg,/Users/anvaysrivastava/Developer/udacity/sdc/CarND-Behavioral-Cloning-P3/dirt_curve2/IMG/left_2017_06_23_11_10_41_714.jpg,/Users/anvaysrivastava/Developer/udacity/sdc/CarND-Behavioral-Cloning-P3/dirt_curve2/IMG/right_2017_06_23_11_10_41_714.jpg,0,0,0,22.71955
/Users/anvaysrivastava/Developer/udacity/sdc/CarND-Behavioral-Cloning-P3/dirt_curve2/IMG/center_2017_06_23_11_10_41_801.jpg,/Users/anvaysrivastava/Developer/udacity/sdc/CarND-Behavioral-Cloning-P3/dirt_curve2/IMG/left_2017_06_23_11_10_41_801.jpg,/Users/anvaysrivastava/Developer/udacity/sdc/CarND-Behavioral-Cloning-P3/dirt_curve2/IMG/right_2017_06_23_11_10_41_801.jpg,0,0,0,22.53679
/Users/anvaysrivastava/Developer/udacity/sdc/CarND-Behavioral-Cloning-P3/dirt_curve2/IMG/center_2017_06_23_11_10_41_883.jpg,/Users/anvaysrivastava/Developer/udacity/sdc/CarND-Behavioral-Cloning-P3/dirt_curve2/IMG/left_2017_06_23_11_10_41_883.jpg,/Users/anvaysrivastava/Developer/udacity/sdc/CarND-Behavioral-Cloning-P3/dirt_curve2/IMG/right_2017_06_23_11_10_41_883.jpg,0,0,0,22.35555
/Users/anvaysrivastava/Developer/udacity/sdc/CarND-Behavioral-Cloning-P3/dirt_curve2/IMG/center_2017_06_23_11_10_41_967.jpg,/Users/anvaysrivastava/Developer/udacity/sdc/CarND-Behavioral-Cloning-P3/dirt_curve2/IMG/left_2017_06_23_11_10_41_967.jpg,/Users/anvaysrivastava/Developer/udacity/sdc/CarND-Behavioral-Cloning-P3/dirt_curve2/IMG/right_2017_06_23_11_10_41_967.jpg,0,0,0,22.13103
/Users/anvaysrivastava/Developer/udacity/sdc/CarND-Behavioral-Cloning-P3/dirt_curve2/IMG/center_2017_06_23_11_10_42_052.jpg,/Users/anvaysrivastava/Developer/udacity/sdc/CarND-Behavioral-Cloning-P3/dirt_curve2/IMG/left_2017_06_23_11_10_42_052.jpg,/Users/anvaysrivastava/Developer/udacity/sdc/CarND-Behavioral-Cloning-P3/dirt_curve2/IMG/right_2017_06_23_11_10_42_052.jpg,0,0,0,21.9531
/Users/anvaysrivastava/Developer/udacity/sdc/CarND-Behavioral-Cloning-P3/dirt_curve2/IMG/center_2017_06_23_11_10_42_138.jpg,/Users/anvaysrivastava/Developer/udacity/sdc/CarND-Behavioral-Cloning-P3/dirt_curve2/IMG/left_2017_06_23_11_10_42_138.jpg,/Users/anvaysrivastava/Developer/udacity/sdc/CarND-Behavioral-Cloning-P3/dirt_curve2/IMG/right_2017_06_23_11_10_42_138.jpg,-0.2,0,0,21.75945
/Users/anvaysrivastava/Developer/udacity/sdc/CarND-Behavioral-Cloning-P3/dirt_curve2/IMG/center_2017_06_23_11_10_42_219.jpg,/Users/anvaysrivastava/Developer/udacity/sdc/CarND-Behavioral-Cloning-P3/dirt_curve2/IMG/left_2017_06_23_11_10_42_219.jpg,/Users/anvaysrivastava/Developer/udacity/sdc/CarND-Behavioral-Cloning-P3/dirt_curve2/IMG/right_2017_06_23_11_10_42_219.jpg,-0.4,0,0,21.50838
/Users/anvaysrivastava/Developer/udacity/sdc/CarND-Behavioral-Cloning-P3/dirt_curve2/IMG/center_2017_06_23_11_10_42_305.jpg,/Users/anvaysrivastava/Developer/udacity/sdc/CarND-Behavioral-Cloning-P3/dirt_curve2/IMG/left_2017_06_23_11_10_42_305.jpg,/Users/anvaysrivastava/Developer/udacity/sdc/CarND-Behavioral-Cloning-P3/dirt_curve2/IMG/right_2017_06_23_11_10_42_305.jpg,-0.5033759,0,0,21.22051
/Users/anvaysrivastava/Developer/udacity/sdc/CarND-Behavioral-Cloning-P3/dirt_curve2/IMG/center_2017_06_23_11_10_42_392.jpg,/Users/anvaysrivastava/Developer/udacity/sdc/CarND-Behavioral-Cloning-P3/dirt_curve2/IMG/left_2017_06_23_11_10_42_392.jpg,/Users/anvaysrivastava/Developer/udacity/sdc/CarND-Behavioral-Cloning-P3/dirt_curve2/IMG/right_2017_06_23_11_10_42_392.jpg,-0.242829,0,0,21.00442
/Users/anvaysrivastava/Developer/udacity/sdc/CarND-Behavioral-Cloning-P3/dirt_curve2/IMG/center_2017_06_23_11_10_42_472.jpg,/Users/anvaysrivastava/Developer/udacity/sdc/CarND-Behavioral-Cloning-P3/dirt_curve2/IMG/left_2017_06_23_11_10_42_472.jpg,/Users/anvaysrivastava/Developer/udacity/sdc/CarND-Behavioral-Cloning-P3/dirt_curve2/IMG/right_2017_06_23_11_10_42_472.jpg,-0.002189934,0,0,20.81916
/Users/anvaysrivastava/Developer/udacity/sdc/CarND-Behavioral-Cloning-P3/dirt_curve2/IMG/center_2017_06_23_11_10_42_554.jpg,/Users/anvaysrivastava/Developer/udacity/sdc/CarND-Behavioral-Cloning-P3/dirt_curve2/IMG/left_2017_06_23_11_10_42_554.jpg,/Users/anvaysrivastava/Developer/udacity/sdc/CarND-Behavioral-Cloning-P3/dirt_curve2/IMG/right_2017_06_23_11_10_42_554.jpg,0,0,0,20.63761
/Users/anvaysrivastava/Developer/udacity/sdc/CarND-Behavioral-Cloning-P3/dirt_curve2/IMG/center_2017_06_23_11_10_42_630.jpg,/Users/anvaysrivastava/Developer/udacity/sdc/CarND-Behavioral-Cloning-P3/dirt_curve2/IMG/left_2017_06_23_11_10_42_630.jpg,/Users/anvaysrivastava/Developer/udacity/sdc/CarND-Behavioral-Cloning-P3/dirt_curve2/IMG/right_2017_06_23_11_10_42_630.jpg,0,0,0,20.45135
/Users/anvaysrivastava/Developer/udacity/sdc/CarND-Behavioral-Cloning-P3/dirt_curve2/IMG/center_2017_06_23_11_10_42_707.jpg,/Users/anvaysrivastava/Developer/udacity/sdc/CarND-Behavioral-Cloning-P3/dirt_curve2/IMG/left_2017_06_23_11_10_42_707.jpg,/Users/anvaysrivastava/Developer/udacity/sdc/CarND-Behavioral-Cloning-P3/dirt_curve2/IMG/right_2017_06_23_11_10_42_707.jpg,0,0,0,20.23169
/Users/anvaysrivastava/Developer/udacity/sdc/CarND-Behavioral-Cloning-P3/dirt_curve2/IMG/center_2017_06_23_11_10_42_783.jpg,/Users/anvaysrivastava/Developer/udacity/sdc/CarND-Behavioral-Cloning-P3/dirt_curve2/IMG/left_2017_06_23_11_10_42_783.jpg,/Users/anvaysrivastava/Developer/udacity/sdc/CarND-Behavioral-Cloning-P3/dirt_curve2/IMG/right_2017_06_23_11_10_42_783.jpg,0,0,0,20.2683
/Users/anvaysrivastava/Developer/udacity/sdc/CarND-Behavioral-Cloning-P3/dirt_curve2/IMG/center_2017_06_23_11_10_42_854.jpg,/Users/anvaysrivastava/Developer/udacity/sdc/CarND-Behavioral-Cloning-P3/dirt_curve2/IMG/left_2017_06_23_11_10_42_854.jpg,/Users/anvaysrivastava/Developer/udacity/sdc/CarND-Behavioral-Cloning-P3/dirt_curve2/IMG/right_2017_06_23_11_10_42_854.jpg,0,0,0,20.1173
/Users/anvaysrivastava/Developer/udacity/sdc/CarND-Behavioral-Cloning-P3/dirt_curve2/IMG/center_2017_06_23_11_10_42_923.jpg,/Users/anvaysrivastava/Developer/udacity/sdc/CarND-Behavioral-Cloning-P3/dirt_curve2/IMG/left_2017_06_23_11_10_42_923.jpg,/Users/anvaysrivastava/Developer/udacity/sdc/CarND-Behavioral-Cloning-P3/dirt_curve2/IMG/right_2017_06_23_11_10_42_923.jpg,0,0,0,19.77473
/Users/anvaysrivastava/Developer/udacity/sdc/CarND-Behavioral-Cloning-P3/dirt_curve2/IMG/center_2017_06_23_11_10_42_998.jpg,/Users/anvaysrivastava/Developer/udacity/sdc/CarND-Behavioral-Cloning-P3/dirt_curve2/IMG/left_2017_06_23_11_10_42_998.jpg,/Users/anvaysrivastava/Developer/udacity/sdc/CarND-Behavioral-Cloning-P3/dirt_curve2/IMG/right_2017_06_23_11_10_42_998.jpg,0,0,0,19.55974
/Users/anvaysrivastava/Developer/udacity/sdc/CarND-Behavioral-Cloning-P3/dirt_curve2/IMG/center_2017_06_23_11_10_43_076.jpg,/Users/anvaysrivastava/Developer/udacity/sdc/CarND-Behavioral-Cloning-P3/dirt_curve2/IMG/left_2017_06_23_11_10_43_076.jpg,/Users/anvaysrivastava/Developer/udacity/sdc/CarND-Behavioral-Cloning-P3/dirt_curve2/IMG/right_2017_06_23_11_10_43_076.jpg,0,0.13314,0,19.45534
/Users/anvaysrivastava/Developer/udacity/sdc/CarND-Behavioral-Cloning-P3/dirt_curve2/IMG/center_2017_06_23_11_10_43_147.jpg,/Users/anvaysrivastava/Developer/udacity/sdc/CarND-Behavioral-Cloning-P3/dirt_curve2/IMG/left_2017_06_23_11_10_43_147.jpg,/Users/anvaysrivastava/Developer/udacity/sdc/CarND-Behavioral-Cloning-P3/dirt_curve2/IMG/right_2017_06_23_11_10_43_147.jpg,0,0.345054,0,19.58211
/Users/anvaysrivastava/Developer/udacity/sdc/CarND-Behavioral-Cloning-P3/dirt_curve2/IMG/center_2017_06_23_11_10_43_222.jpg,/Users/anvaysrivastava/Developer/udacity/sdc/CarND-Behavioral-Cloning-P3/dirt_curve2/IMG/left_2017_06_23_11_10_43_222.jpg,/Users/anvaysrivastava/Developer/udacity/sdc/CarND-Behavioral-Cloning-P3/dirt_curve2/IMG/right_2017_06_23_11_10_43_222.jpg,0,0.570165,0,20.07793
/Users/anvaysrivastava/Developer/udacity/sdc/CarND-Behavioral-Cloning-P3/dirt_curve2/IMG/center_2017_06_23_11_10_43_296.jpg,/Users/anvaysrivastava/Developer/udacity/sdc/CarND-Behavioral-Cloning-P3/dirt_curve2/IMG/left_2017_06_23_11_10_43_296.jpg,/Users/anvaysrivastava/Developer/udacity/sdc/CarND-Behavioral-Cloning-P3/dirt_curve2/IMG/right_2017_06_23_11_10_43_296.jpg,0,0.346482,0,20.33864
/Users/anvaysrivastava/Developer/udacity/sdc/CarND-Behavioral-Cloning-P3/dirt_curve2/IMG/center_2017_06_23_11_10_43_369.jpg,/Users/anvaysrivastava/Developer/udacity/sdc/CarND-Behavioral-Cloning-P3/dirt_curve2/IMG/left_2017_06_23_11_10_43_369.jpg,/Users/anvaysrivastava/Developer/udacity/sdc/CarND-Behavioral-Cloning-P3/dirt_curve2/IMG/right_2017_06_23_11_10_43_369.jpg,0,0.12813,0,20.39301
/Users/anvaysrivastava/Developer/udacity/sdc/CarND-Behavioral-Cloning-P3/dirt_curve2/IMG/center_2017_06_23_11_10_43_450.jpg,/Users/anvaysrivastava/Developer/udacity/sdc/CarND-Behavioral-Cloning-P3/dirt_curve2/IMG/left_2017_06_23_11_10_43_450.jpg,/Users/anvaysrivastava/Developer/udacity/sdc/CarND-Behavioral-Cloning-P3/dirt_curve2/IMG/right_2017_06_23_11_10_43_450.jpg,-0.1,0,0,20.25984
/Users/anvaysrivastava/Developer/udacity/sdc/CarND-Behavioral-Cloning-P3/dirt_curve2/IMG/center_2017_06_23_11_10_43_524.jpg,/Users/anvaysrivastava/Developer/udacity/sdc/CarND-Behavioral-Cloning-P3/dirt_curve2/IMG/left_2017_06_23_11_10_43_524.jpg,/Users/anvaysrivastava/Developer/udacity/sdc/CarND-Behavioral-Cloning-P3/dirt_curve2/IMG/right_2017_06_23_11_10_43_524.jpg,-0.25,0,0,19.79648
/Users/anvaysrivastava/Developer/udacity/sdc/CarND-Behavioral-Cloning-P3/dirt_curve2/IMG/center_2017_06_23_11_10_43_600.jpg,/Users/anvaysrivastava/Developer/udacity/sdc/CarND-Behavioral-Cloning-P3/dirt_curve2/IMG/left_2017_06_23_11_10_43_600.jpg,/Users/anvaysrivastava/Developer/udacity/sdc/CarND-Behavioral-Cloning-P3/dirt_curve2/IMG/right_2017_06_23_11_10_43_600.jpg,-0.110217,0,0,19.60746
/Users/anvaysrivastava/Developer/udacity/sdc/CarND-Behavioral-Cloning-P3/dirt_curve2/IMG/center_2017_06_23_11_10_43_672.jpg,/Users/anvaysrivastava/Developer/udacity/sdc/CarND-Behavioral-Cloning-P3/dirt_curve2/IMG/left_2017_06_23_11_10_43_672.jpg,/Users/anvaysrivastava/Developer/udacity/sdc/CarND-Behavioral-Cloning-P3/dirt_curve2/IMG/right_2017_06_23_11_10_43_672.jpg,0,0,0,19.43282
/Users/anvaysrivastava/Developer/udacity/sdc/CarND-Behavioral-Cloning-P3/dirt_curve2/IMG/center_2017_06_23_11_10_43_751.jpg,/Users/anvaysrivastava/Developer/udacity/sdc/CarND-Behavioral-Cloning-P3/dirt_curve2/IMG/left_2017_06_23_11_10_43_751.jpg,/Users/anvaysrivastava/Developer/udacity/sdc/CarND-Behavioral-Cloning-P3/dirt_curve2/IMG/right_2017_06_23_11_10_43_751.jpg,0,0,0,19.26092
/Users/anvaysrivastava/Developer/udacity/sdc/CarND-Behavioral-Cloning-P3/dirt_curve2/IMG/center_2017_06_23_11_10_43_824.jpg,/Users/anvaysrivastava/Developer/udacity/sdc/CarND-Behavioral-Cloning-P3/dirt_curve2/IMG/left_2017_06_23_11_10_43_824.jpg,/Users/anvaysrivastava/Developer/udacity/sdc/CarND-Behavioral-Cloning-P3/dirt_curve2/IMG/right_2017_06_23_11_10_43_824.jpg,0,0,0,19.53095
/Users/anvaysrivastava/Developer/udacity/sdc/CarND-Behavioral-Cloning-P3/dirt_curve2/IMG/center_2017_06_23_11_10_43_896.jpg,/Users/anvaysrivastava/Developer/udacity/sdc/CarND-Behavioral-Cloning-P3/dirt_curve2/IMG/left_2017_06_23_11_10_43_896.jpg,/Users/anvaysrivastava/Developer/udacity/sdc/CarND-Behavioral-Cloning-P3/dirt_curve2/IMG/right_2017_06_23_11_10_43_896.jpg,0,0,0,19.38476
/Users/anvaysrivastava/Developer/udacity/sdc/CarND-Behavioral-Cloning-P3/dirt_curve2/IMG/center_2017_06_23_11_10_43_976.jpg,/Users/anvaysrivastava/Developer/udacity/sdc/CarND-Behavioral-Cloning-P3/dirt_curve2/IMG/left_2017_06_23_11_10_43_976.jpg,/Users/anvaysrivastava/Developer/udacity/sdc/CarND-Behavioral-Cloning-P3/dirt_curve2/IMG/right_2017_06_23_11_10_43_976.jpg,0,0,0,19.24118
/Users/anvaysrivastava/Developer/udacity/sdc/CarND-Behavioral-Cloning-P3/dirt_curve2/IMG/center_2017_06_23_11_10_44_050.jpg,/Users/anvaysrivastava/Developer/udacity/sdc/CarND-Behavioral-Cloning-P3/dirt_curve2/IMG/left_2017_06_23_11_10_44_050.jpg,/Users/anvaysrivastava/Developer/udacity/sdc/CarND-Behavioral-Cloning-P3/dirt_curve2/IMG/right_2017_06_23_11_10_44_050.jpg,0,0,0,19.0961
/Users/anvaysrivastava/Developer/udacity/sdc/CarND-Behavioral-Cloning-P3/dirt_curve2/IMG/center_2017_06_23_11_10_44_124.jpg,/Users/anvaysrivastava/Developer/udacity/sdc/CarND-Behavioral-Cloning-P3/dirt_curve2/IMG/left_2017_06_23_11_10_44_124.jpg,/Users/anvaysrivastava/Developer/udacity/sdc/CarND-Behavioral-Cloning-P3/dirt_curve2/IMG/right_2017_06_23_11_10_44_124.jpg,-0.05,0,0,18.50884
/Users/anvaysrivastava/Developer/udacity/sdc/CarND-Behavioral-Cloning-P3/dirt_curve2/IMG/center_2017_06_23_11_10_44_197.jpg,/Users/anvaysrivastava/Developer/udacity/sdc/CarND-Behavioral-Cloning-P3/dirt_curve2/IMG/left_2017_06_23_11_10_44_197.jpg,/Users/anvaysrivastava/Developer/udacity/sdc/CarND-Behavioral-Cloning-P3/dirt_curve2/IMG/right_2017_06_23_11_10_44_197.jpg,-0.25,0,0,18.33591
/Users/anvaysrivastava/Developer/udacity/sdc/CarND-Behavioral-Cloning-P3/dirt_curve2/IMG/center_2017_06_23_11_10_44_277.jpg,/Users/anvaysrivastava/Developer/udacity/sdc/CarND-Behavioral-Cloning-P3/dirt_curve2/IMG/left_2017_06_23_11_10_44_277.jpg,/Users/anvaysrivastava/Developer/udacity/sdc/CarND-Behavioral-Cloning-P3/dirt_curve2/IMG/right_2017_06_23_11_10_44_277.jpg,-0.3385769,0,0,18.12289
/Users/anvaysrivastava/Developer/udacity/sdc/CarND-Behavioral-Cloning-P3/dirt_curve2/IMG/center_2017_06_23_11_10_44_353.jpg,/Users/anvaysrivastava/Developer/udacity/sdc/CarND-Behavioral-Cloning-P3/dirt_curve2/IMG/left_2017_06_23_11_10_44_353.jpg,/Users/anvaysrivastava/Developer/udacity/sdc/CarND-Behavioral-Cloning-P3/dirt_curve2/IMG/right_2017_06_23_11_10_44_353.jpg,-0.1100548,0,0,17.95757
/Users/anvaysrivastava/Developer/udacity/sdc/CarND-Behavioral-Cloning-P3/dirt_curve2/IMG/center_2017_06_23_11_10_44_428.jpg,/Users/anvaysrivastava/Developer/udacity/sdc/CarND-Behavioral-Cloning-P3/dirt_curve2/IMG/left_2017_06_23_11_10_44_428.jpg,/Users/anvaysrivastava/Developer/udacity/sdc/CarND-Behavioral-Cloning-P3/dirt_curve2/IMG/right_2017_06_23_11_10_44_428.jpg,0,0,0,17.79893
/Users/anvaysrivastava/Developer/udacity/sdc/CarND-Behavioral-Cloning-P3/dirt_curve2/IMG/center_2017_06_23_11_10_44_503.jpg,/Users/anvaysrivastava/Developer/udacity/sdc/CarND-Behavioral-Cloning-P3/dirt_curve2/IMG/left_2017_06_23_11_10_44_503.jpg,/Users/anvaysrivastava/Developer/udacity/sdc/CarND-Behavioral-Cloning-P3/dirt_curve2/IMG/right_2017_06_23_11_10_44_503.jpg,0,0,0,18.1955
/Users/anvaysrivastava/Developer/udacity/sdc/CarND-Behavioral-Cloning-P3/dirt_curve2/IMG/center_2017_06_23_11_10_44_578.jpg,/Users/anvaysrivastava/Developer/udacity/sdc/CarND-Behavioral-Cloning-P3/dirt_curve2/IMG/left_2017_06_23_11_10_44_578.jpg,/Users/anvaysrivastava/Developer/udacity/sdc/CarND-Behavioral-Cloning-P3/dirt_curve2/IMG/right_2017_06_23_11_10_44_578.jpg,0,0,0,18.05435
/Users/anvaysrivastava/Developer/udacity/sdc/CarND-Behavioral-Cloning-P3/dirt_curve2/IMG/center_2017_06_23_11_10_44_651.jpg,/Users/anvaysrivastava/Developer/udacity/sdc/CarND-Behavioral-Cloning-P3/dirt_curve2/IMG/left_2017_06_23_11_10_44_651.jpg,/Users/anvaysrivastava/Developer/udacity/sdc/CarND-Behavioral-Cloning-P3/dirt_curve2/IMG/right_2017_06_23_11_10_44_651.jpg,0,0,0,17.91308
/Users/anvaysrivastava/Developer/udacity/sdc/CarND-Behavioral-Cloning-P3/dirt_curve2/IMG/center_2017_06_23_11_10_44_733.jpg,/Users/anvaysrivastava/Developer/udacity/sdc/CarND-Behavioral-Cloning-P3/dirt_curve2/IMG/left_2017_06_23_11_10_44_733.jpg,/Users/anvaysrivastava/Developer/udacity/sdc/CarND-Behavioral-Cloning-P3/dirt_curve2/IMG/right_2017_06_23_11_10_44_733.jpg,-0.1,0,0,17.76897
/Users/anvaysrivastava/Developer/udacity/sdc/CarND-Behavioral-Cloning-P3/dirt_curve2/IMG/center_2017_06_23_11_10_44_805.jpg,/Users/anvaysrivastava/Developer/udacity/sdc/CarND-Behavioral-Cloning-P3/dirt_curve2/IMG/left_2017_06_23_11_10_44_805.jpg,/Users/anvaysrivastava/Developer/udacity/sdc/CarND-Behavioral-Cloning-P3/dirt_curve2/IMG/right_2017_06_23_11_10_44_805.jpg,-0.3,0,0,17.58108
/Users/anvaysrivastava/Developer/udacity/sdc/CarND-Behavioral-Cloning-P3/dirt_curve2/IMG/center_2017_06_23_11_10_44_880.jpg,/Users/anvaysrivastava/Developer/udacity/sdc/CarND-Behavioral-Cloning-P3/dirt_curve2/IMG/left_2017_06_23_11_10_44_880.jpg,/Users/anvaysrivastava/Developer/udacity/sdc/CarND-Behavioral-Cloning-P3/dirt_curve2/IMG/right_2017_06_23_11_10_44_880.jpg,-0.45,0,0,16.92584
/Users/anvaysrivastava/Developer/udacity/sdc/CarND-Behavioral-Cloning-P3/dirt_curve2/IMG/center_2017_06_23_11_10_44_958.jpg,/Users/anvaysrivastava/Developer/udacity/sdc/CarND-Behavioral-Cloning-P3/dirt_curve2/IMG/left_2017_06_23_11_10_44_958.jpg,/Users/anvaysrivastava/Developer/udacity/sdc/CarND-Behavioral-Cloning-P3/dirt_curve2/IMG/right_2017_06_23_11_10_44_958.jpg,-0.5779561,0,0,16.66879
/Users/anvaysrivastava/Developer/udacity/sdc/CarND-Behavioral-Cloning-P3/dirt_curve2/IMG/center_2017_06_23_11_10_45_037.jpg,/Users/anvaysrivastava/Developer/udacity/sdc/CarND-Behavioral-Cloning-P3/dirt_curve2/IMG/left_2017_06_23_11_10_45_037.jpg,/Users/anvaysrivastava/Developer/udacity/sdc/CarND-Behavioral-Cloning-P3/dirt_curve2/IMG/right_2017_06_23_11_10_45_037.jpg,-0.3414121,0,0,16.51557
/Users/anvaysrivastava/Developer/udacity/sdc/CarND-Behavioral-Cloning-P3/dirt_curve2/IMG/center_2017_06_23_11_10_45_135.jpg,/Users/anvaysrivastava/Developer/udacity/sdc/CarND-Behavioral-Cloning-P3/dirt_curve2/IMG/left_2017_06_23_11_10_45_135.jpg,/Users/anvaysrivastava/Developer/udacity/sdc/CarND-Behavioral-Cloning-P3/dirt_curve2/IMG/right_2017_06_23_11_10_45_135.jpg,-0.1180891,0,0,16.38344
/Users/anvaysrivastava/Developer/udacity/sdc/CarND-Behavioral-Cloning-P3/dirt_curve2/IMG/center_2017_06_23_11_10_45_189.jpg,/Users/anvaysrivastava/Developer/udacity/sdc/CarND-Behavioral-Cloning-P3/dirt_curve2/IMG/left_2017_06_23_11_10_45_189.jpg,/Users/anvaysrivastava/Developer/udacity/sdc/CarND-Behavioral-Cloning-P3/dirt_curve2/IMG/right_2017_06_23_11_10_45_189.jpg,0,0,0,16.22291
/Users/anvaysrivastava/Developer/udacity/sdc/CarND-Behavioral-Cloning-P3/dirt_curve2/IMG/center_2017_06_23_11_10_45_259.jpg,/Users/anvaysrivastava/Developer/udacity/sdc/CarND-Behavioral-Cloning-P3/dirt_curve2/IMG/left_2017_06_23_11_10_45_259.jpg,/Users/anvaysrivastava/Developer/udacity/sdc/CarND-Behavioral-Cloning-P3/dirt_curve2/IMG/right_2017_06_23_11_10_45_259.jpg,0,0,0,16.66411
/Users/anvaysrivastava/Developer/udacity/sdc/CarND-Behavioral-Cloning-P3/dirt_curve2/IMG/center_2017_06_23_11_10_45_355.jpg,/Users/anvaysrivastava/Developer/udacity/sdc/CarND-Behavioral-Cloning-P3/dirt_curve2/IMG/left_2017_06_23_11_10_45_355.jpg,/Users/anvaysrivastava/Developer/udacity/sdc/CarND-Behavioral-Cloning-P3/dirt_curve2/IMG/right_2017_06_23_11_10_45_355.jpg,-0.1,0,0,16.53374
/Users/anvaysrivastava/Developer/udacity/sdc/CarND-Behavioral-Cloning-P3/dirt_curve2/IMG/center_2017_06_23_11_10_45_432.jpg,/Users/anvaysrivastava/Developer/udacity/sdc/CarND-Behavioral-Cloning-P3/dirt_curve2/IMG/left_2017_06_23_11_10_45_432.jpg,/Users/anvaysrivastava/Developer/udacity/sdc/CarND-Behavioral-Cloning-P3/dirt_curve2/IMG/right_2017_06_23_11_10_45_432.jpg,-0.3,0,0,16.36174
/Users/anvaysrivastava/Developer/udacity/sdc/CarND-Behavioral-Cloning-P3/dirt_curve2/IMG/center_2017_06_23_11_10_45_507.jpg,/Users/anvaysrivastava/Developer/udacity/sdc/CarND-Behavioral-Cloning-P3/dirt_curve2/IMG/left_2017_06_23_11_10_45_507.jpg,/Users/anvaysrivastava/Developer/udacity/sdc/CarND-Behavioral-Cloning-P3/dirt_curve2/IMG/right_2017_06_23_11_10_45_507.jpg,-0.1253191,0,0,16.23535
/Users/anvaysrivastava/Developer/udacity/sdc/CarND-Behavioral-Cloning-P3/dirt_curve2/IMG/center_2017_06_23_11_10_45_580.jpg,/Users/anvaysrivastava/Developer/udacity/sdc/CarND-Behavioral-Cloning-P3/dirt_curve2/IMG/left_2017_06_23_11_10_45_580.jpg,/Users/anvaysrivastava/Developer/udacity/sdc/CarND-Behavioral-Cloning-P3/dirt_curve2/IMG/right_2017_06_23_11_10_45_580.jpg,0,0,0,15.59122
/Users/anvaysrivastava/Developer/udacity/sdc/CarND-Behavioral-Cloning-P3/dirt_curve2/IMG/center_2017_06_23_11_10_45_663.jpg,/Users/anvaysrivastava/Developer/udacity/sdc/CarND-Behavioral-Cloning-P3/dirt_curve2/IMG/left_2017_06_23_11_10_45_663.jpg,/Users/anvaysrivastava/Developer/udacity/sdc/CarND-Behavioral-Cloning-P3/dirt_curve2/IMG/right_2017_06_23_11_10_45_663.jpg,-0.1,0,0,15.47767
/Users/anvaysrivastava/Developer/udacity/sdc/CarND-Behavioral-Cloning-P3/dirt_curve2/IMG/center_2017_06_23_11_10_45_739.jpg,/Users/anvaysrivastava/Developer/udacity/sdc/CarND-Behavioral-Cloning-P3/dirt_curve2/IMG/left_2017_06_23_11_10_45_739.jpg,/Users/anvaysrivastava/Developer/udacity/sdc/CarND-Behavioral-Cloning-P3/dirt_curve2/IMG/right_2017_06_23_11_10_45_739.jpg,-0.35,0,0,15.81321
/Users/anvaysrivastava/Developer/udacity/sdc/CarND-Behavioral-Cloning-P3/dirt_curve2/IMG/center_2017_06_23_11_10_45_815.jpg,/Users/anvaysrivastava/Developer/udacity/sdc/CarND-Behavioral-Cloning-P3/dirt_curve2/IMG/left_2017_06_23_11_10_45_815.jpg,/Users/anvaysrivastava/Developer/udacity/sdc/CarND-Behavioral-Cloning-P3/dirt_curve2/IMG/right_2017_06_23_11_10_45_815.jpg,-0.5000001,0,0,15.14076
/Users/anvaysrivastava/Developer/udacity/sdc/CarND-Behavioral-Cloning-P3/dirt_curve2/IMG/center_2017_06_23_11_10_45_889.jpg,/Users/anvaysrivastava/Developer/udacity/sdc/CarND-Behavioral-Cloning-P3/dirt_curve2/IMG/left_2017_06_23_11_10_45_889.jpg,/Users/anvaysrivastava/Developer/udacity/sdc/CarND-Behavioral-Cloning-P3/dirt_curve2/IMG/right_2017_06_23_11_10_45_889.jpg,-0.3499351,0,0,14.99983
/Users/anvaysrivastava/Developer/udacity/sdc/CarND-Behavioral-Cloning-P3/dirt_curve2/IMG/center_2017_06_23_11_10_45_964.jpg,/Users/anvaysrivastava/Developer/udacity/sdc/CarND-Behavioral-Cloning-P3/dirt_curve2/IMG/left_2017_06_23_11_10_45_964.jpg,/Users/anvaysrivastava/Developer/udacity/sdc/CarND-Behavioral-Cloning-P3/dirt_curve2/IMG/right_2017_06_23_11_10_45_964.jpg,-0.1240801,0,0,15.43
/Users/anvaysrivastava/Developer/udacity/sdc/CarND-Behavioral-Cloning-P3/dirt_curve2/IMG/center_2017_06_23_11_10_46_037.jpg,/Users/anvaysrivastava/Developer/udacity/sdc/CarND-Behavioral-Cloning-P3/dirt_curve2/IMG/left_2017_06_23_11_10_46_037.jpg,/Users/anvaysrivastava/Developer/udacity/sdc/CarND-Behavioral-Cloning-P3/dirt_curve2/IMG/right_2017_06_23_11_10_46_037.jpg,0,0,0,15.29453
/Users/anvaysrivastava/Developer/udacity/sdc/CarND-Behavioral-Cloning-P3/dirt_curve2/IMG/center_2017_06_23_11_10_46_112.jpg,/Users/anvaysrivastava/Developer/udacity/sdc/CarND-Behavioral-Cloning-P3/dirt_curve2/IMG/left_2017_06_23_11_10_46_112.jpg,/Users/anvaysrivastava/Developer/udacity/sdc/CarND-Behavioral-Cloning-P3/dirt_curve2/IMG/right_2017_06_23_11_10_46_112.jpg,0,0,0,15.17341
/Users/anvaysrivastava/Developer/udacity/sdc/CarND-Behavioral-Cloning-P3/dirt_curve2/IMG/center_2017_06_23_11_10_46_187.jpg,/Users/anvaysrivastava/Developer/udacity/sdc/CarND-Behavioral-Cloning-P3/dirt_curve2/IMG/left_2017_06_23_11_10_46_187.jpg,/Users/anvaysrivastava/Developer/udacity/sdc/CarND-Behavioral-Cloning-P3/dirt_curve2/IMG/right_2017_06_23_11_10_46_187.jpg,-0.2,0,0,15.04586
/Users/anvaysrivastava/Developer/udacity/sdc/CarND-Behavioral-Cloning-P3/dirt_curve2/IMG/center_2017_06_23_11_10_46_262.jpg,/Users/anvaysrivastava/Developer/udacity/sdc/CarND-Behavioral-Cloning-P3/dirt_curve2/IMG/left_2017_06_23_11_10_46_262.jpg,/Users/anvaysrivastava/Developer/udacity/sdc/CarND-Behavioral-Cloning-P3/dirt_curve2/IMG/right_2017_06_23_11_10_46_262.jpg,0,0,0,14.4517
/Users/anvaysrivastava/Developer/udacity/sdc/CarND-Behavioral-Cloning-P3/dirt_curve2/IMG/center_2017_06_23_11_10_46_340.jpg,/Users/anvaysrivastava/Developer/udacity/sdc/CarND-Behavioral-Cloning-P3/dirt_curve2/IMG/left_2017_06_23_11_10_46_340.jpg,/Users/anvaysrivastava/Developer/udacity/sdc/CarND-Behavioral-Cloning-P3/dirt_curve2/IMG/right_2017_06_23_11_10_46_340.jpg,0,0,0,14.337
/Users/anvaysrivastava/Developer/udacity/sdc/CarND-Behavioral-Cloning-P3/dirt_curve2/IMG/center_2017_06_23_11_10_46_414.jpg,/Users/anvaysrivastava/Developer/udacity/sdc/CarND-Behavioral-Cloning-P3/dirt_curve2/IMG/left_2017_06_23_11_10_46_414.jpg,/Users/anvaysrivastava/Developer/udacity/sdc/CarND-Behavioral-Cloning-P3/dirt_curve2/IMG/right_2017_06_23_11_10_46_414.jpg,-0.1,0,0,14.21988
/Users/anvaysrivastava/Developer/udacity/sdc/CarND-Behavioral-Cloning-P3/dirt_curve2/IMG/center_2017_06_23_11_10_46_488.jpg,/Users/anvaysrivastava/Developer/udacity/sdc/CarND-Behavioral-Cloning-P3/dirt_curve2/IMG/left_2017_06_23_11_10_46_488.jpg,/Users/anvaysrivastava/Developer/udacity/sdc/CarND-Behavioral-Cloning-P3/dirt_curve2/IMG/right_2017_06_23_11_10_46_488.jpg,-0.3,0,0,14.08102
/Users/anvaysrivastava/Developer/udacity/sdc/CarND-Behavioral-Cloning-P3/dirt_curve2/IMG/center_2017_06_23_11_10_46_565.jpg,/Users/anvaysrivastava/Developer/udacity/sdc/CarND-Behavioral-Cloning-P3/dirt_curve2/IMG/left_2017_06_23_11_10_46_565.jpg,/Users/anvaysrivastava/Developer/udacity/sdc/CarND-Behavioral-Cloning-P3/dirt_curve2/IMG/right_2017_06_23_11_10_46_565.jpg,-0.45,0,0,14.42045
/Users/anvaysrivastava/Developer/udacity/sdc/CarND-Behavioral-Cloning-P3/dirt_curve2/IMG/center_2017_06_23_11_10_46_652.jpg,/Users/anvaysrivastava/Developer/udacity/sdc/CarND-Behavioral-Cloning-P3/dirt_curve2/IMG/left_2017_06_23_11_10_46_652.jpg,/Users/anvaysrivastava/Developer/udacity/sdc/CarND-Behavioral-Cloning-P3/dirt_curve2/IMG/right_2017_06_23_11_10_46_652.jpg,-0.2911078,0,0,13.68543
/Users/anvaysrivastava/Developer/udacity/sdc/CarND-Behavioral-Cloning-P3/dirt_curve2/IMG/center_2017_06_23_11_10_46_742.jpg,/Users/anvaysrivastava/Developer/udacity/sdc/CarND-Behavioral-Cloning-P3/dirt_curve2/IMG/left_2017_06_23_11_10_46_742.jpg,/Users/anvaysrivastava/Developer/udacity/sdc/CarND-Behavioral-Cloning-P3/dirt_curve2/IMG/right_2017_06_23_11_10_46_742.jpg,-0.2704869,0,0,13.59531
/Users/anvaysrivastava/Developer/udacity/sdc/CarND-Behavioral-Cloning-P3/dirt_curve2/IMG/center_2017_06_23_11_10_46_829.jpg,/Users/anvaysrivastava/Developer/udacity/sdc/CarND-Behavioral-Cloning-P3/dirt_curve2/IMG/left_2017_06_23_11_10_46_829.jpg,/Users/anvaysrivastava/Developer/udacity/sdc/CarND-Behavioral-Cloning-P3/dirt_curve2/IMG/right_2017_06_23_11_10_46_829.jpg,-0.2880058,0,0,13.98471
/Users/anvaysrivastava/Developer/udacity/sdc/CarND-Behavioral-Cloning-P3/dirt_curve2/IMG/center_2017_06_23_11_10_46_907.jpg,/Users/anvaysrivastava/Developer/udacity/sdc/CarND-Behavioral-Cloning-P3/dirt_curve2/IMG/left_2017_06_23_11_10_46_907.jpg,/Users/anvaysrivastava/Developer/udacity/sdc/CarND-Behavioral-Cloning-P3/dirt_curve2/IMG/right_2017_06_23_11_10_46_907.jpg,-0.06768572,0,0,13.87362
/Users/anvaysrivastava/Developer/udacity/sdc/CarND-Behavioral-Cloning-P3/dirt_curve2/IMG/center_2017_06_23_11_10_46_983.jpg,/Users/anvaysrivastava/Developer/udacity/sdc/CarND-Behavioral-Cloning-P3/dirt_curve2/IMG/left_2017_06_23_11_10_46_983.jpg,/Users/anvaysrivastava/Developer/udacity/sdc/CarND-Behavioral-Cloning-P3/dirt_curve2/IMG/right_2017_06_23_11_10_46_983.jpg,-0.1,0,0,13.30703
/Users/anvaysrivastava/Developer/udacity/sdc/CarND-Behavioral-Cloning-P3/dirt_curve2/IMG/center_2017_06_23_11_10_47_059.jpg,/Users/anvaysrivastava/Developer/udacity/sdc/CarND-Behavioral-Cloning-P3/dirt_curve2/IMG/left_2017_06_23_11_10_47_059.jpg,/Users/anvaysrivastava/Developer/udacity/sdc/CarND-Behavioral-Cloning-P3/dirt_curve2/IMG/right_2017_06_23_11_10_47_059.jpg,-0.3,0,0,13.09527
/Users/anvaysrivastava/Developer/udacity/sdc/CarND-Behavioral-Cloning-P3/dirt_curve2/IMG/center_2017_06_23_11_10_47_135.jpg,/Users/anvaysrivastava/Developer/udacity/sdc/CarND-Behavioral-Cloning-P3/dirt_curve2/IMG/left_2017_06_23_11_10_47_135.jpg,/Users/anvaysrivastava/Developer/udacity/sdc/CarND-Behavioral-Cloning-P3/dirt_curve2/IMG/right_2017_06_23_11_10_47_135.jpg,-0.1147558,0,0,13.10824
/Users/anvaysrivastava/Developer/udacity/sdc/CarND-Behavioral-Cloning-P3/dirt_curve2/IMG/center_2017_06_23_11_10_47_211.jpg,/Users/anvaysrivastava/Developer/udacity/sdc/CarND-Behavioral-Cloning-P3/dirt_curve2/IMG/left_2017_06_23_11_10_47_211.jpg,/Users/anvaysrivastava/Developer/udacity/sdc/CarND-Behavioral-Cloning-P3/dirt_curve2/IMG/right_2017_06_23_11_10_47_211.jpg,-0.1009359,0,0,12.94043
/Users/anvaysrivastava/Developer/udacity/sdc/CarND-Behavioral-Cloning-P3/dirt_curve2/IMG/center_2017_06_23_11_10_47_288.jpg,/Users/anvaysrivastava/Developer/udacity/sdc/CarND-Behavioral-Cloning-P3/dirt_curve2/IMG/left_2017_06_23_11_10_47_288.jpg,/Users/anvaysrivastava/Developer/udacity/sdc/CarND-Behavioral-Cloning-P3/dirt_curve2/IMG/right_2017_06_23_11_10_47_288.jpg,-0.3009359,0,0,12.73356
/Users/anvaysrivastava/Developer/udacity/sdc/CarND-Behavioral-Cloning-P3/dirt_curve2/IMG/center_2017_06_23_11_10_47_366.jpg,/Users/anvaysrivastava/Developer/udacity/sdc/CarND-Behavioral-Cloning-P3/dirt_curve2/IMG/left_2017_06_23_11_10_47_366.jpg,/Users/anvaysrivastava/Developer/udacity/sdc/CarND-Behavioral-Cloning-P3/dirt_curve2/IMG/right_2017_06_23_11_10_47_366.jpg,-0.3401009,0,0,12.61311
/Users/anvaysrivastava/Developer/udacity/sdc/CarND-Behavioral-Cloning-P3/dirt_curve2/IMG/center_2017_06_23_11_10_47_447.jpg,/Users/anvaysrivastava/Developer/udacity/sdc/CarND-Behavioral-Cloning-P3/dirt_curve2/IMG/left_2017_06_23_11_10_47_447.jpg,/Users/anvaysrivastava/Developer/udacity/sdc/CarND-Behavioral-Cloning-P3/dirt_curve2/IMG/right_2017_06_23_11_10_47_447.jpg,-0.3712501,0,0,12.66677
/Users/anvaysrivastava/Developer/udacity/sdc/CarND-Behavioral-Cloning-P3/dirt_curve2/IMG/center_2017_06_23_11_10_47_505.jpg,/Users/anvaysrivastava/Developer/udacity/sdc/CarND-Behavioral-Cloning-P3/dirt_curve2/IMG/left_2017_06_23_11_10_47_505.jpg,/Users/anvaysrivastava/Developer/udacity/sdc/CarND-Behavioral-Cloning-P3/dirt_curve2/IMG/right_2017_06_23_11_10_47_505.jpg,-0.5212501,0,0,12.84131
/Users/anvaysrivastava/Developer/udacity/sdc/CarND-Behavioral-Cloning-P3/dirt_curve2/IMG/center_2017_06_23_11_10_47_605.jpg,/Users/anvaysrivastava/Developer/udacity/sdc/CarND-Behavioral-Cloning-P3/dirt_curve2/IMG/left_2017_06_23_11_10_47_605.jpg,/Users/anvaysrivastava/Developer/udacity/sdc/CarND-Behavioral-Cloning-P3/dirt_curve2/IMG/right_2017_06_23_11_10_47_605.jpg,-0.7212502,0,0,12.64959
/Users/anvaysrivastava/Developer/udacity/sdc/CarND-Behavioral-Cloning-P3/dirt_curve2/IMG/center_2017_06_23_11_10_47_685.jpg,/Users/anvaysrivastava/Developer/udacity/sdc/CarND-Behavioral-Cloning-P3/dirt_curve2/IMG/left_2017_06_23_11_10_47_685.jpg,/Users/anvaysrivastava/Developer/udacity/sdc/CarND-Behavioral-Cloning-P3/dirt_curve2/IMG/right_2017_06_23_11_10_47_685.jpg,-0.5745209,0,0,12.49346
/Users/anvaysrivastava/Developer/udacity/sdc/CarND-Behavioral-Cloning-P3/dirt_curve2/IMG/center_2017_06_23_11_10_47_768.jpg,/Users/anvaysrivastava/Developer/udacity/sdc/CarND-Behavioral-Cloning-P3/dirt_curve2/IMG/left_2017_06_23_11_10_47_768.jpg,/Users/anvaysrivastava/Developer/udacity/sdc/CarND-Behavioral-Cloning-P3/dirt_curve2/IMG/right_2017_06_23_11_10_47_768.jpg,-0.608244,0,0,12.11604
/Users/anvaysrivastava/Developer/udacity/sdc/CarND-Behavioral-Cloning-P3/dirt_curve2/IMG/center_2017_06_23_11_10_47_852.jpg,/Users/anvaysrivastava/Developer/udacity/sdc/CarND-Behavioral-Cloning-P3/dirt_curve2/IMG/left_2017_06_23_11_10_47_852.jpg,/Users/anvaysrivastava/Developer/udacity/sdc/CarND-Behavioral-Cloning-P3/dirt_curve2/IMG/right_2017_06_23_11_10_47_852.jpg,-0.5904692,0,0,11.9098
/Users/anvaysrivastava/Developer/udacity/sdc/CarND-Behavioral-Cloning-P3/dirt_curve2/IMG/center_2017_06_23_11_10_47_935.jpg,/Users/anvaysrivastava/Developer/udacity/sdc/CarND-Behavioral-Cloning-P3/dirt_curve2/IMG/left_2017_06_23_11_10_47_935.jpg,/Users/anvaysrivastava/Developer/udacity/sdc/CarND-Behavioral-Cloning-P3/dirt_curve2/IMG/right_2017_06_23_11_10_47_935.jpg,-0.3430712,0,0,11.92763
/Users/anvaysrivastava/Developer/udacity/sdc/CarND-Behavioral-Cloning-P3/dirt_curve2/IMG/center_2017_06_23_11_10_48_019.jpg,/Users/anvaysrivastava/Developer/udacity/sdc/CarND-Behavioral-Cloning-P3/dirt_curve2/IMG/left_2017_06_23_11_10_48_019.jpg,/Users/anvaysrivastava/Developer/udacity/sdc/CarND-Behavioral-Cloning-P3/dirt_curve2/IMG/right_2017_06_23_11_10_48_019.jpg,-0.3410643,0,0,11.75846
/Users/anvaysrivastava/Developer/udacity/sdc/CarND-Behavioral-Cloning-P3/dirt_curve2/IMG/center_2017_06_23_11_10_48_101.jpg,/Users/anvaysrivastava/Developer/udacity/sdc/CarND-Behavioral-Cloning-P3/dirt_curve2/IMG/left_2017_06_23_11_10_48_101.jpg,/Users/anvaysrivastava/Developer/udacity/sdc/CarND-Behavioral-Cloning-P3/dirt_curve2/IMG/right_2017_06_23_11_10_48_101.jpg,-0.09306335,0,0,11.6676
/Users/anvaysrivastava/Developer/udacity/sdc/CarND-Behavioral-Cloning-P3/dirt_curve2/IMG/center_2017_06_23_11_10_48_181.jpg,/Users/anvaysrivastava/Developer/udacity/sdc/CarND-Behavioral-Cloning-P3/dirt_curve2/IMG/left_2017_06_23_11_10_48_181.jpg,/Users/anvaysrivastava/Developer/udacity/sdc/CarND-Behavioral-Cloning-P3/dirt_curve2/IMG/right_2017_06_23_11_10_48_181.jpg,0,0,0,11.60522
/Users/anvaysrivastava/Developer/udacity/sdc/CarND-Behavioral-Cloning-P3/dirt_curve2/IMG/center_2017_06_23_11_10_48_259.jpg,/Users/anvaysrivastava/Developer/udacity/sdc/CarND-Behavioral-Cloning-P3/dirt_curve2/IMG/left_2017_06_23_11_10_48_259.jpg,/Users/anvaysrivastava/Developer/udacity/sdc/CarND-Behavioral-Cloning-P3/dirt_curve2/IMG/right_2017_06_23_11_10_48_259.jpg,0,0.1167181,0,11.74313
/Users/anvaysrivastava/Developer/udacity/sdc/CarND-Behavioral-Cloning-P3/dirt_curve2/IMG/center_2017_06_23_11_10_48_339.jpg,/Users/anvaysrivastava/Developer/udacity/sdc/CarND-Behavioral-Cloning-P3/dirt_curve2/IMG/left_2017_06_23_11_10_48_339.jpg,/Users/anvaysrivastava/Developer/udacity/sdc/CarND-Behavioral-Cloning-P3/dirt_curve2/IMG/right_2017_06_23_11_10_48_339.jpg,0,0.353361,0,11.87507
/Users/anvaysrivastava/Developer/udacity/sdc/CarND-Behavioral-Cloning-P3/dirt_curve2/IMG/center_2017_06_23_11_10_48_418.jpg,/Users/anvaysrivastava/Developer/udacity/sdc/CarND-Behavioral-Cloning-P3/dirt_curve2/IMG/left_2017_06_23_11_10_48_418.jpg,/Users/anvaysrivastava/Developer/udacity/sdc/CarND-Behavioral-Cloning-P3/dirt_curve2/IMG/right_2017_06_23_11_10_48_418.jpg,0,0.5908261,0,12.07072
/Users/anvaysrivastava/Developer/udacity/sdc/CarND-Behavioral-Cloning-P3/dirt_curve2/IMG/center_2017_06_23_11_10_48_496.jpg,/Users/anvaysrivastava/Developer/udacity/sdc/CarND-Behavioral-Cloning-P3/dirt_curve2/IMG/left_2017_06_23_11_10_48_496.jpg,/Users/anvaysrivastava/Developer/udacity/sdc/CarND-Behavioral-Cloning-P3/dirt_curve2/IMG/right_2017_06_23_11_10_48_496.jpg,-0.2,0.8297131,0,12.84926
/Users/anvaysrivastava/Developer/udacity/sdc/CarND-Behavioral-Cloning-P3/dirt_curve2/IMG/center_2017_06_23_11_10_48_576.jpg,/Users/anvaysrivastava/Developer/udacity/sdc/CarND-Behavioral-Cloning-P3/dirt_curve2/IMG/left_2017_06_23_11_10_48_576.jpg,/Users/anvaysrivastava/Developer/udacity/sdc/CarND-Behavioral-Cloning-P3/dirt_curve2/IMG/right_2017_06_23_11_10_48_576.jpg,-0.4,1,0,13.50013
/Users/anvaysrivastava/Developer/udacity/sdc/CarND-Behavioral-Cloning-P3/dirt_curve2/IMG/center_2017_06_23_11_10_48_692.jpg,/Users/anvaysrivastava/Developer/udacity/sdc/CarND-Behavioral-Cloning-P3/dirt_curve2/IMG/left_2017_06_23_11_10_48_692.jpg,/Users/anvaysrivastava/Developer/udacity/sdc/CarND-Behavioral-Cloning-P3/dirt_curve2/IMG/right_2017_06_23_11_10_48_692.jpg,-0.1424489,0.6650019,0,14.52019
/Users/anvaysrivastava/Developer/udacity/sdc/CarND-Behavioral-Cloning-P3/dirt_curve2/IMG/center_2017_06_23_11_10_48_794.jpg,/Users/anvaysrivastava/Developer/udacity/sdc/CarND-Behavioral-Cloning-P3/dirt_curve2/IMG/left_2017_06_23_11_10_48_794.jpg,/Users/anvaysrivastava/Developer/udacity/sdc/CarND-Behavioral-Cloning-P3/dirt_curve2/IMG/right_2017_06_23_11_10_48_794.jpg,-0.1,0.375235,0,14.85343
/Users/anvaysrivastava/Developer/udacity/sdc/CarND-Behavioral-Cloning-P3/dirt_curve2/IMG/center_2017_06_23_11_10_48_881.jpg,/Users/anvaysrivastava/Developer/udacity/sdc/CarND-Behavioral-Cloning-P3/dirt_curve2/IMG/left_2017_06_23_11_10_48_881.jpg,/Users/anvaysrivastava/Developer/udacity/sdc/CarND-Behavioral-Cloning-P3/dirt_curve2/IMG/right_2017_06_23_11_10_48_881.jpg,-0.1581482,0.09190005,0,15.10351
/Users/anvaysrivastava/Developer/udacity/sdc/CarND-Behavioral-Cloning-P3/dirt_curve2/IMG/center_2017_06_23_11_10_48_970.jpg,/Users/anvaysrivastava/Developer/udacity/sdc/CarND-Behavioral-Cloning-P3/dirt_curve2/IMG/left_2017_06_23_11_10_48_970.jpg,/Users/anvaysrivastava/Developer/udacity/sdc/CarND-Behavioral-Cloning-P3/dirt_curve2/IMG/right_2017_06_23_11_10_48_970.jpg,0,0,0,14.73899
/Users/anvaysrivastava/Developer/udacity/sdc/CarND-Behavioral-Cloning-P3/dirt_curve2/IMG/center_2017_06_23_11_10_49_055.jpg,/Users/anvaysrivastava/Developer/udacity/sdc/CarND-Behavioral-Cloning-P3/dirt_curve2/IMG/left_2017_06_23_11_10_49_055.jpg,/Users/anvaysrivastava/Developer/udacity/sdc/CarND-Behavioral-Cloning-P3/dirt_curve2/IMG/right_2017_06_23_11_10_49_055.jpg,-0.1,0,0,14.61928
/Users/anvaysrivastava/Developer/udacity/sdc/CarND-Behavioral-Cloning-P3/dirt_curve2/IMG/center_2017_06_23_11_10_49_143.jpg,/Users/anvaysrivastava/Developer/udacity/sdc/CarND-Behavioral-Cloning-P3/dirt_curve2/IMG/left_2017_06_23_11_10_49_143.jpg,/Users/anvaysrivastava/Developer/udacity/sdc/CarND-Behavioral-Cloning-P3/dirt_curve2/IMG/right_2017_06_23_11_10_49_143.jpg,-0.3,0,0,14.4676
/Users/anvaysrivastava/Developer/udacity/sdc/CarND-Behavioral-Cloning-P3/dirt_curve2/IMG/center_2017_06_23_11_10_49_224.jpg,/Users/anvaysrivastava/Developer/udacity/sdc/CarND-Behavioral-Cloning-P3/dirt_curve2/IMG/left_2017_06_23_11_10_49_224.jpg,/Users/anvaysrivastava/Developer/udacity/sdc/CarND-Behavioral-Cloning-P3/dirt_curve2/IMG/right_2017_06_23_11_10_49_224.jpg,-0.5000001,0.2525461,0,14.37879
/Users/anvaysrivastava/Developer/udacity/sdc/CarND-Behavioral-Cloning-P3/dirt_curve2/IMG/center_2017_06_23_11_10_49_281.jpg,/Users/anvaysrivastava/Developer/udacity/sdc/CarND-Behavioral-Cloning-P3/dirt_curve2/IMG/left_2017_06_23_11_10_49_281.jpg,/Users/anvaysrivastava/Developer/udacity/sdc/CarND-Behavioral-Cloning-P3/dirt_curve2/IMG/right_2017_06_23_11_10_49_281.jpg,-0.7,0.4834351,0,14.54056
/Users/anvaysrivastava/Developer/udacity/sdc/CarND-Behavioral-Cloning-P3/dirt_curve2/IMG/center_2017_06_23_11_10_49_361.jpg,/Users/anvaysrivastava/Developer/udacity/sdc/CarND-Behavioral-Cloning-P3/dirt_curve2/IMG/left_2017_06_23_11_10_49_361.jpg,/Users/anvaysrivastava/Developer/udacity/sdc/CarND-Behavioral-Cloning-P3/dirt_curve2/IMG/right_2017_06_23_11_10_49_361.jpg,-0.9000002,0.2438582,0,14.49971
/Users/anvaysrivastava/Developer/udacity/sdc/CarND-Behavioral-Cloning-P3/dirt_curve2/IMG/center_2017_06_23_11_10_49_492.jpg,/Users/anvaysrivastava/Developer/udacity/sdc/CarND-Behavioral-Cloning-P3/dirt_curve2/IMG/left_2017_06_23_11_10_49_492.jpg,/Users/anvaysrivastava/Developer/udacity/sdc/CarND-Behavioral-Cloning-P3/dirt_curve2/IMG/right_2017_06_23_11_10_49_492.jpg,-0.6701739,0,0,14.32216
/Users/anvaysrivastava/Developer/udacity/sdc/CarND-Behavioral-Cloning-P3/dirt_curve2/IMG/center_2017_06_23_11_10_49_589.jpg,/Users/anvaysrivastava/Developer/udacity/sdc/CarND-Behavioral-Cloning-P3/dirt_curve2/IMG/left_2017_06_23_11_10_49_589.jpg,/Users/anvaysrivastava/Developer/udacity/sdc/CarND-Behavioral-Cloning-P3/dirt_curve2/IMG/right_2017_06_23_11_10_49_589.jpg,-0.3896649,0,0,14.25341
/Users/anvaysrivastava/Developer/udacity/sdc/CarND-Behavioral-Cloning-P3/dirt_curve2/IMG/center_2017_06_23_11_10_49_701.jpg,/Users/anvaysrivastava/Developer/udacity/sdc/CarND-Behavioral-Cloning-P3/dirt_curve2/IMG/left_2017_06_23_11_10_49_701.jpg,/Users/anvaysrivastava/Developer/udacity/sdc/CarND-Behavioral-Cloning-P3/dirt_curve2/IMG/right_2017_06_23_11_10_49_701.jpg,-0.04227095,0,0,14.08599
/Users/anvaysrivastava/Developer/udacity/sdc/CarND-Behavioral-Cloning-P3/dirt_curve2/IMG/center_2017_06_23_11_10_49_815.jpg,/Users/anvaysrivastava/Developer/udacity/sdc/CarND-Behavioral-Cloning-P3/dirt_curve2/IMG/left_2017_06_23_11_10_49_815.jpg,/Users/anvaysrivastava/Developer/udacity/sdc/CarND-Behavioral-Cloning-P3/dirt_curve2/IMG/right_2017_06_23_11_10_49_815.jpg,0,0,0,14.47929
/Users/anvaysrivastava/Developer/udacity/sdc/CarND-Behavioral-Cloning-P3/dirt_curve2/IMG/center_2017_06_23_11_10_49_910.jpg,/Users/anvaysrivastava/Developer/udacity/sdc/CarND-Behavioral-Cloning-P3/dirt_curve2/IMG/left_2017_06_23_11_10_49_910.jpg,/Users/anvaysrivastava/Developer/udacity/sdc/CarND-Behavioral-Cloning-P3/dirt_curve2/IMG/right_2017_06_23_11_10_49_910.jpg,0,0,0,14.28871
/Users/anvaysrivastava/Developer/udacity/sdc/CarND-Behavioral-Cloning-P3/dirt_curve2/IMG/center_2017_06_23_11_10_50_007.jpg,/Users/anvaysrivastava/Developer/udacity/sdc/CarND-Behavioral-Cloning-P3/dirt_curve2/IMG/left_2017_06_23_11_10_50_007.jpg,/Users/anvaysrivastava/Developer/udacity/sdc/CarND-Behavioral-Cloning-P3/dirt_curve2/IMG/right_2017_06_23_11_10_50_007.jpg,0,0,0,14.17781
/Users/anvaysrivastava/Developer/udacity/sdc/CarND-Behavioral-Cloning-P3/dirt_curve2/IMG/center_2017_06_23_11_10_50_104.jpg,/Users/anvaysrivastava/Developer/udacity/sdc/CarND-Behavioral-Cloning-P3/dirt_curve2/IMG/left_2017_06_23_11_10_50_104.jpg,/Users/anvaysrivastava/Developer/udacity/sdc/CarND-Behavioral-Cloning-P3/dirt_curve2/IMG/right_2017_06_23_11_10_50_104.jpg,0,0,0,13.44216
/Users/anvaysrivastava/Developer/udacity/sdc/CarND-Behavioral-Cloning-P3/dirt_curve2/IMG/center_2017_06_23_11_10_50_196.jpg,/Users/anvaysrivastava/Developer/udacity/sdc/CarND-Behavioral-Cloning-P3/dirt_curve2/IMG/left_2017_06_23_11_10_50_196.jpg,/Users/anvaysrivastava/Developer/udacity/sdc/CarND-Behavioral-Cloning-P3/dirt_curve2/IMG/right_2017_06_23_11_10_50_196.jpg,-0.25,0,0,13.84582
/Users/anvaysrivastava/Developer/udacity/sdc/CarND-Behavioral-Cloning-P3/dirt_curve2/IMG/center_2017_06_23_11_10_50_277.jpg,/Users/anvaysrivastava/Developer/udacity/sdc/CarND-Behavioral-Cloning-P3/dirt_curve2/IMG/left_2017_06_23_11_10_50_277.jpg,/Users/anvaysrivastava/Developer/udacity/sdc/CarND-Behavioral-Cloning-P3/dirt_curve2/IMG/right_2017_06_23_11_10_50_277.jpg,-0.45,0,0,13.67118
/Users/anvaysrivastava/Developer/udacity/sdc/CarND-Behavioral-Cloning-P3/dirt_curve2/IMG/center_2017_06_23_11_10_50_361.jpg,/Users/anvaysrivastava/Developer/udacity/sdc/CarND-Behavioral-Cloning-P3/dirt_curve2/IMG/left_2017_06_23_11_10_50_361.jpg,/Users/anvaysrivastava/Developer/udacity/sdc/CarND-Behavioral-Cloning-P3/dirt_curve2/IMG/right_2017_06_23_11_10_50_361.jpg,-0.5268572,0,0,13.50061
/Users/anvaysrivastava/Developer/udacity/sdc/CarND-Behavioral-Cloning-P3/dirt_curve2/IMG/center_2017_06_23_11_10_50_443.jpg,/Users/anvaysrivastava/Developer/udacity/sdc/CarND-Behavioral-Cloning-P3/dirt_curve2/IMG/left_2017_06_23_11_10_50_443.jpg,/Users/anvaysrivastava/Developer/udacity/sdc/CarND-Behavioral-Cloning-P3/dirt_curve2/IMG/right_2017_06_23_11_10_50_443.jpg,-0.280431,0,0,13.419
/Users/anvaysrivastava/Developer/udacity/sdc/CarND-Behavioral-Cloning-P3/dirt_curve2/IMG/center_2017_06_23_11_10_50_523.jpg,/Users/anvaysrivastava/Developer/udacity/sdc/CarND-Behavioral-Cloning-P3/dirt_curve2/IMG/left_2017_06_23_11_10_50_523.jpg,/Users/anvaysrivastava/Developer/udacity/sdc/CarND-Behavioral-Cloning-P3/dirt_curve2/IMG/right_2017_06_23_11_10_50_523.jpg,-0.03944421,0,0,13.30317
/Users/anvaysrivastava/Developer/udacity/sdc/CarND-Behavioral-Cloning-P3/dirt_curve2/IMG/center_2017_06_23_11_10_50_603.jpg,/Users/anvaysrivastava/Developer/udacity/sdc/CarND-Behavioral-Cloning-P3/dirt_curve2/IMG/left_2017_06_23_11_10_50_603.jpg,/Users/anvaysrivastava/Developer/udacity/sdc/CarND-Behavioral-Cloning-P3/dirt_curve2/IMG/right_2017_06_23_11_10_50_603.jpg,0,0,0,13.12262
/Users/anvaysrivastava/Developer/udacity/sdc/CarND-Behavioral-Cloning-P3/dirt_curve2/IMG/center_2017_06_23_11_10_50_684.jpg,/Users/anvaysrivastava/Developer/udacity/sdc/CarND-Behavioral-Cloning-P3/dirt_curve2/IMG/left_2017_06_23_11_10_50_684.jpg,/Users/anvaysrivastava/Developer/udacity/sdc/CarND-Behavioral-Cloning-P3/dirt_curve2/IMG/right_2017_06_23_11_10_50_684.jpg,0,0,0,12.90541
/Users/anvaysrivastava/Developer/udacity/sdc/CarND-Behavioral-Cloning-P3/dirt_curve2/IMG/center_2017_06_23_11_10_50_785.jpg,/Users/anvaysrivastava/Developer/udacity/sdc/CarND-Behavioral-Cloning-P3/dirt_curve2/IMG/left_2017_06_23_11_10_50_785.jpg,/Users/anvaysrivastava/Developer/udacity/sdc/CarND-Behavioral-Cloning-P3/dirt_curve2/IMG/right_2017_06_23_11_10_50_785.jpg,0,0,0,12.60908
